"13F320E7B5EAD1024AC95C3B208610DB","男","1981","高中/中专/技校","企业/公司一般职员","1501～2000元","内蒙古","呼和浩特","unknown"
"EA3502C3594588F0E9D5142F99C66627","女","1989","大学本科","学生","无收入","浙江","嘉兴","unknown"
"1134AC57B5B1D38B7D70C1B6FEAA28CF","男","1995","初中","学生","无收入","广东","汕头","城市"
"A660D4563B8F62DD5282319CC643D950","男","1979","初中","企业/公司一般职员","2001～3000元","上海","嘉定","乡村"
"23CE1851341EC1FA9E0C259DE10BF87C","男","1995","高中/中专/技校","学生","无收入","江西","吉安","城市"
"7F64F0CAB28DDE6781F430FCCF09F3D2","女","1982","大学本科","党政机关事业单位工作者","2001～3000元","天津","宝坻","城郊"
"1408358FE6A7F9327DD41A5651AC284C","女","1969","大学本科","企业/公司管理者","8001～12000元","安徽","阜阳","城市"
"757334847F188C6304B84EC6B018A965","女","1970","硕士及以上","党政机关事业单位工作者","3001～5000元","黑龙江","大兴安岭","城市"
"39BA1389E2930FF24E3101741C9009EA","男","1970","大学本科","企业/公司一般职员","3001～5000元","江西","南昌","城郊"
"0B5F2CAF4C5DE1E3A8E68F505AE6899B","女","1975","大专","专业技术人员","5001～8000元","广东","珠海","城市"
"5859426ED1A0862FAD780BEA63537AB9","女","1981","高中/中专/技校","个体户/自由职业者","501～1000元","安徽","芜湖","城市"
"11F64A21A22A548559E4EDFBDD8E0397","女","1984","大学本科","企业/公司一般职员","3001～5000元","上海","杨浦","城市"
"6C5EB9A660D5B3AE277726C6EC098192","男","1974","高中/中专/技校","无业、下岗、失业","无收入","广东","广州","城市"
"CB2B01A7F6FB5DA3ED42BE4FCF80E4BE","男","1967","大专","专业技术人员","3001～5000元","北京","石景山","城市"
"CECD01C1EB84F4F0F2B48E121C8A62F5","男","1981","大学本科","党政机关事业单位一般职员","2001～3000元","浙江","杭州","城市"
"22A8B63C93772C6B53EFC3E83F3B0EBD","男","1964","初中","无业、下岗、失业","501～1000元","河南","洛阳","城市"
"64BAC3EF8A6E27B02DC9D6D972B03795","男","1961","高中/中专/技校","无业、下岗、失业","501～1000元","北京","海淀","城市"
"83820A0BD8A43216B004880317AE6ECF","男","1977","大学本科","专业技术人员","2001～3000元","甘肃","兰州","城市"
"EFBA0D602748D6F5066384A22B186E5B","男","1978","大学本科","企业/公司管理者","12000元以上","天津","和平","城市"
"D5A77A8C3D8FE59CE5262AF34A4D1C4B","男","1960","高中/中专/技校","个体户/自由职业者","1001～1500元","河南","信阳","城市"
"B4FD263BB699F424CDB6A662AF0049B2","男","1978","大专","企业/公司一般职员","1001～1500元","上海","崇明","城市"
"4AEC9B9C38FE30D8411F2A18E6324C9D","男","1963","高中/中专/技校","企业/公司一般职员","1501～2000元","江苏","南通","乡村"
"C0DA43734B3BA823109BB5A29AE4CEC9","男","1975","高中/中专/技校","企业/公司一般职员","2001～3000元","上海","崇明","城市"
"6C0924840F28F96026147E2CDE8420AF","男","1981","大专","党政机关事业单位一般职员","3001～5000元","北京","朝阳","城市"
"09BD2862FE3035AD3223816B439045E3","男","1982","大学本科","党政机关事业单位一般职员","2001～3000元","北京","大兴","城市"
"C1481A88D8E582CE58F9413D5AC93360","女","1980","大学本科","企业/公司一般职员","5001～8000元","上海","闵行","城市"
"B9A01AA77750279F4BC00C265A632095","男","1981","大学本科","专业技术人员","3001～5000元","北京","丰台","城市"
"D1D0CE9CB7DC63978000E8D3B82C3F74","男","1979","大学本科","企业/公司管理者","5001～8000元","上海","闵行","城市"
"273E78EDE0FF68FCF04AA41A3DD8D36B","男","1980","大学本科","专业技术人员","5001～8000元","上海","卢湾","城市"
"30B1A01D3F62BF747F856235CC8BFB57","男","1979","大学本科","企业/公司一般职员","3001～5000元","江苏","南京","城市"
"BD2F126F7692C68F8441253586199ED8","男","1968","高中/中专/技校","产业、服务业工人","2001～3000元","江苏","苏州","城市"
"20C99C680BFF19BD1D0925E3AEB26F86","男","1972","初中","无业、下岗、失业","501～1000元","四川","德阳","城市"
"34E127B2ACF56A344457E1537DCE906D","男","1972","大学本科","专业技术人员","5001～8000元","北京","朝阳","城市"
"803523D233C42A1FC11CC41033A7B76F","男","1998","初中","学生","无收入","江苏","苏州","城市"
"0AC18D27CC2284445BC249E8A83462FE","男","1976","大学本科","其他","5001～8000元","广东","揭阳","城市"
"DDA33670117C841DD91BBA9FB7165A03","女","1990","大学本科","学生","无收入","上海","杨浦","城市"
"50F0A48E0C1F60F822F218C3E419D1A4","男","1979","大专","个体户/自由职业者","2001～3000元","河南","郑州","乡村"
"DBA595EDC1E3C2214ED62C128944C932","男","1985","大专","无业、下岗、失业","501～1000元","北京","顺义","乡村"
"994252186323CEE9C2A1F1B607EC4A91","男","1970","大学本科","党政机关事业单位一般职员","2001～3000元","安徽","安庆","城市"
"7F43DABBD5526A44DD31130911A57322","男","1984","高中/中专/技校","产业、服务业工人","1501～2000元","上海","闵行","城郊"
"297FBE6BE1631F492C1783CE8DB54A6E","男","1990","高中/中专/技校","农村外出务工人员","2001～3000元","广东","深圳","乡村"
"513FADBD92B2C516BCE1831C8A118694","男","1966","大专","其他","5001～8000元","湖南","衡阳","城市"
"5BCD64BE156DE0EAD98F17C3E8738885","男","1989","大学本科","学生","无收入","福建","泉州","乡村"
"E82A88D937E60267FD2C866B01131ADA","男","1974","大学本科","党政机关事业单位一般职员","5001～8000元","安徽","芜湖","城市"
"94302FBE2968597131A0AE606DF3F5E4","男","1974","大专","企业/公司一般职员","1501～2000元","云南","昆明","城市"
"221C2C491BBE1C88E6CABFA419C04EFD","男","1981","大学本科","企业/公司一般职员","3001～5000元","山东","济南","城市"
"EE855D8E4FE4FFF1B295B710FE2B85A8","男","1961","大专","党政机关事业单位领导干部","2001～3000元","湖南","岳阳","城市"
"03AF956B4521A1AE096D3F10FB662D23","男","1985","大专","企业/公司管理者","8001～12000元","上海","杨浦","城市"
"7DA58332A407CF34D87EA109FDFBA52F","男","1976","大学本科","党政机关事业单位一般职员","2001～3000元","山东","烟台","城郊"
"2043D2A8FA2208B4C5F19BC6D5A94320","男","1978","高中/中专/技校","个体户/自由职业者","1501～2000元","天津","津南","城郊"
"249E0710272FFDC8A91DD80B2E24EB2D","男","1982","高中/中专/技校","党政机关事业单位一般职员","2001～3000元","江苏","无锡","城郊"
"055F874129CF0ECFF352455ECE0B8209","男","1970","大学本科","党政机关事业单位一般职员","5001～8000元","广东","广州","城市"
"EFBB36A8571980EF0B1FDB4AA04376D6","男","1976","大学本科","党政机关事业单位一般职员","1501～2000元","河南","驻马店","城郊"
"558ADE3A9B173B4C3EAF7CAEC3C66381","男","1980","大专","企业/公司一般职员","2001～3000元","江西","抚州","城市"
"C60E0A0674F9B469A9CBFD26C549F233","男","1978","高中/中专/技校","专业技术人员","2001～3000元","陕西","延安","乡村"
"EED7D5BA22BB638D57B1E1E241F763C8","男","1975","大学本科","党政机关事业单位一般职员","3001～5000元","内蒙古","呼伦贝尔","城市"
"C1E598764329CC9C377EF1D029BE8CEB","女","1991","高中/中专/技校","其他","501～1000元","广东","韶关","城市"
"1E344F02CA8DF0C4CC9313A9964755E0","女","1988","大学本科","学生","无收入","山东","济南","城市"
"830709D3A9ABCAABB2B5EA80D011EBCD","男","1963","大专","企业/公司管理者","1501～2000元","四川","自贡","城市"
"10B2355028C81201ED2683C02BA493F2","女","1977","大学本科","企业/公司一般职员","1501～2000元","河南","新乡","城市"
"C790787D9A7C4289410E43EE1CC27373","男","1972","大学本科","专业技术人员","2001～3000元","黑龙江","绥化","城市"
"5F1A8A8FDDBC8A5FF4BF0F111DC69FF4","男","1980","大专","个体户/自由职业者","1501～2000元","北京","海淀","城市"
"124EF391809A7840A9B2D4454FACB867","男","1973","大学本科","党政机关事业单位一般职员","2001～3000元","河北","石家庄","城市"
"1AC82F4C978D3FD0C45FBAF5AF117278","女","1989","大学本科","学生","无收入","辽宁","辽阳","乡村"
"2F893E8343792E2FCE3B2C05653DF01A","男","1982","大专","企业/公司一般职员","2001～3000元","上海","浦东","城市"
"F0B6F95A4DBA808CD64D2F2DB1399BAE","男","1980","高中/中专/技校","其他","1001～1500元","河北","邢台","城市"
"CC033BC7D61C82CBEFE72F540117C64E","女","1982","高中/中专/技校","企业/公司一般职员","1501～2000元","四川","广元","城市"
"0564D287D61CDB0C9870A405E34A5E82","女","1984","大专","专业技术人员","1501～2000元","广东","佛山","unknown"
"AA213E63A4C0706A5C2E990DA7F3DD5B","男","1980","大学本科","党政机关事业单位一般职员","2001～3000元","辽宁","沈阳","城市"
"4FFD6130F73D7F56BBB4945039A91131","男","1981","大专","企业/公司一般职员","3001～5000元","北京","海淀","城市"
"3E76E57FBBBB23DC59E6445191203A3F","男","1977","大专","企业/公司一般职员","2001～3000元","江苏","无锡","城市"
"1F1DD8F44C6C538628BAF7C7CBF537B1","男","1989","高中/中专/技校","企业/公司一般职员","2001～3000元","湖南","永州","城市"
"9DCF26F46E051CDC4EA8ABEF8D2F4B07","男","1965","大学本科","企业/公司一般职员","3001～5000元","北京","宣武","城市"
"F469935E9C18498F6310397A3F1A73DA","男","1955","大专","企业/公司一般职员","2001～3000元","天津","大港","城市"
"857BDF528D4AD868C1D1801A6DA01660","男","1984","大学本科","无业、下岗、失业","无收入","北京","宣武","城市"
"30E5BB73506E1AF232938FED0D219EB3","男","1987","大专","企业/公司一般职员","2001～3000元","浙江","宁波","城市"
"F50A3D58C10E7B8FDEE784AED4414096","男","1979","大学本科","企业/公司一般职员","1001～1500元","河南","信阳","城市"
"5C7E1757EDD5FE27E483736793D57281","男","1987","大学本科","企业/公司一般职员","1501～2000元","上海","徐汇","城市"
"C243F76E036CB859903C4B29581F0572","男","1980","大专","企业/公司一般职员","3001～5000元","云南","昆明","城市"
"141290BF85E8828275CA2C4FE4C48BB9","男","1981","高中/中专/技校","其他","1501～2000元","上海","南汇","城市"
"A004DC426C3C6F97259D7B2F10DF424C","男","1958","大学本科","其他","1501～2000元","贵州","遵义","城市"
"7A499C8BC6D5B013F80FB82D61BFCF5F","男","1976","大专","企业/公司管理者","2001～3000元","四川","成都","城市"
"81E98219F751B64B9E7EC0E4E5C6D0E4","男","1984","高中/中专/技校","个体户/自由职业者","1501～2000元","云南","玉溪","乡村"
"9297C1CF019967DFEC7A248D00A35466","男","1990","大专","学生","无收入","浙江","杭州","城市"
"5CA4C0B3CB46E529003490A1C796BE50","男","1969","高中/中专/技校","其他","1501～2000元","上海","普陀","城市"
"5D9C1505039E949CEE6F2FDF85A33A3D","男","1988","大学本科","企业/公司一般职员","1501～2000元","江苏","南京","城市"
"6F952FA115F46427B6DFEE95E9E68D5B","男","1978","大学本科","党政机关事业单位一般职员","3001～5000元","河北","唐山","城市"
"01EDEB72AE20FE8BD93D126EC0FBAF91","男","1982","大学本科","党政机关事业单位一般职员","1501～2000元","重庆","北碚","乡村"
"CA9FB1D01FB6C899EF4095ABC2D3EA13","男","1976","大学本科","党政机关事业单位一般职员","2001～3000元","山西","大同","城市"
"D10DFDEBE82BA75C66089B643CDD4C59","男","1970","大学本科","专业技术人员","3001～5000元","安徽","合肥","城市"
"DDC67A115E8358D8D35BF787285AD1C9","男","1988","硕士及以上","学生","500元及以下","山东","济南","乡村"
"CDBE869D2FE04483B8E7C9FC8FC39077","男","1985","高中/中专/技校","企业/公司一般职员","5001～8000元","广西","南宁","城市"
"1FDE33D3E57CF927B0E348C8C23BDA14","男","1980","大学本科","其他","3001～5000元","北京","东城","城市"
"A945B8DF1138A3EA68B392D844133DB7","男","1983","大专","党政机关事业单位领导干部","2001～3000元","山东","日照","城市"
"2F37CE1ACE06A770FAB4452DB0FE5C5F","女","1984","大学本科","企业/公司一般职员","2001～3000元","上海","普陀","城市"
"29C60E8CCE9E070CCD32FCFDA7A5C527","男","1956","大专","党政机关事业单位领导干部","2001～3000元","山东","泰安","城市"
"0BD1DE482A4FD9EDE3192701ED4EC04A","女","1975","高中/中专/技校","个体户/自由职业者","1001～1500元","湖南","长沙","乡村"
"E7A7B1973A1CF15CD391AB553AFF9A5D","女","1983","高中/中专/技校","企业/公司一般职员","2001～3000元","广东","广州","城市"
"25ED8124AB75E57ECE0C62D91E7BB303","男","1972","大学本科","企业/公司一般职员","3001～5000元","山东","济南","乡村"
"D02C6DB8A690013346B1FD2654BC9F98","男","1971","初中","个体户/自由职业者","3001～5000元","广东","阳江","城市"
"8C18D2A16E425E3B6DD98D6831B129FE","男","1973","大专","专业技术人员","5001～8000元","江苏","南京","城市"
"1619CC28B5035F8E283387468063A77B","男","1988","大学本科","企业/公司一般职员","2001～3000元","浙江","金华","城市"
"D6A0775887032913B0CD9A82C4CED3E3","男","1982","大学本科","党政机关事业单位一般职员","1001～1500元","河北","邢台","城郊"
"2E400A73FC6EC8CF7AC47E37888F8FEB","女","1987","硕士及以上","学生","无收入","山东","青岛","城市"
"5929B09FF0E1466B877EF60483627055","男","1970","高中/中专/技校","个体户/自由职业者","3001～5000元","上海","嘉定","城郊"
"B0AB7C161BF3A9E1BF42AE864329D568","男","1970","初中","个体户/自由职业者","501～1000元","山东","威海","城市"
"5F122B70B3090CE3BF66A04B3DE98DA0","男","1988","大学本科","学生","无收入","河南","郑州","城郊"
"16E9AFCD9DB435194D8C321DA56FFF87","男","1967","高中/中专/技校","党政机关事业单位一般职员","1501～2000元","四川","达州","城市"
"3864D0315135317A5A7660952A07234A","男","1970","高中/中专/技校","其他","501～1000元","河南","鹤壁","城市"
"3B1D60501C4F94B110B0DC40188FCC55","女","1983","大专","其他","1501～2000元","北京","朝阳","城市"
"35971DFFA74316DC61D022A317529057","男","1985","大学本科","企业/公司一般职员","1501～2000元","山东","济南","城郊"
"72BC02DA649D2129B382A7C88D274DE4","男","1984","硕士及以上","学生","501～1000元","重庆","沙坪坝","城市"
"FAB24A799E65FB1736B8563D2DC2C164","男","1985","大学本科","企业/公司一般职员","2001～3000元","江苏","扬州","城市"
"A557B94600800AB14144442984F14A6C","男","1979","大学本科","党政机关事业单位一般职员","2001～3000元","广东","佛山","城市"
"AF8B461F71F77BA634BF68B22D6F4329","男","1988","大学本科","学生","无收入","安徽","安庆","乡村"
"AE72F1D14C3DF265243B539904253ADB","男","1991","大学本科","学生","无收入","湖北","武汉","城市"
"A190DA2ACB20DB0C3B17CF65D576ECB2","女","1982","大学本科","个体户/自由职业者","5001～8000元","上海","卢湾","城郊"
"85EA282C45A69B03B4C8A63FB0BB5259","女","1984","大学本科","党政机关事业单位一般职员","3001～5000元","福建","厦门","城郊"
"CD98CC43C7D44A82839DAA5C0E6251B0","男","1988","大学本科","学生","无收入","上海","徐汇","城市"
"7488418293E889CAA30057141E8549F5","女","1990","大专","学生","500元及以下","广东","广州","城市"
"F364A1D9E81D39CF8B39EF670D193E86","男","1988","大专","企业/公司一般职员","2001～3000元","江苏","苏州","城市"
"6A362147E2E8D2C3A55DF50AF1E5102F","男","1972","大专","党政机关事业单位一般职员","3001～5000元","北京","东城","城市"
"E5A481A383352690B8993469964F477E","女","1955","大学本科","党政机关事业单位一般职员","3001～5000元","黑龙江","哈尔滨","城市"
"67A7D76991503F1668B8541A532EB5A6","女","1974","大专","企业/公司一般职员","2001～3000元","广东","深圳","城市"
"C59D8E67CE2559EE764824913B3FBD1E","女","1987","大学本科","个体户/自由职业者","2001～3000元","湖南","衡阳","城郊"
"4FCF6A369C59BCCCE7923D062A2CCB0B","女","1984","硕士及以上","党政机关事业单位一般职员","1501～2000元","辽宁","沈阳","城市"
"C9660BC73C09990B7B088CCC03A52183","男","1981","大专","企业/公司一般职员","3001～5000元","北京","西城","城市"
"1827A39385E05C9BC324270042193F02","男","1985","硕士及以上","党政机关事业单位一般职员","3001～5000元","江苏","南京","城市"
"71C9D8385C415F2DE054CB9282D24E5A","男","1988","大学本科","学生","无收入","重庆","沙坪坝","城市"
"FAFA5914B6257B99BEFA1264652D18C4","女","1987","高中/中专/技校","无业、下岗、失业","无收入","浙江","杭州","城市"
"695BFC67A2C45DAA70B5387103521A9E","男","1981","大学本科","党政机关事业单位一般职员","3001～5000元","陕西","汉中","城市"
"B5C6AD92DBB925F066A8CC38D2E70BDD","男","1978","大学本科","企业/公司管理者","5001～8000元","重庆","江津","城市"
"EDB4298FB247E84EDD2DD6FE38C9AB78","男","1972","大专","企业/公司一般职员","2001～3000元","贵州","安顺","城市"
"143AB9820B9E2B860FCFAEE6D16E4028","男","1987","大学本科","企业/公司一般职员","1501～2000元","上海","宝山","城市"
"D651E8B28B7B9D8255C100C68DA879B0","男","1971","初中","专业技术人员","2001～3000元","四川","成都","城市"
"22F737E47D8261297D774F773EA41105","男","1988","大学本科","学生","无收入","陕西","西安","城市"
"A199983740547350EECE67FBBC785798","男","1968","大专","党政机关事业单位一般职员","3001～5000元","吉林","通化","城市"
"1F2414BFB07E61E2F1F857ADA3DB76CD","男","1980","大专","企业/公司一般职员","2001～3000元","北京","昌平","城市"
"1449A18365192DB10CD6BEDC72EA393F","男","1974","初中","农村外出务工人员","1501～2000元","湖南","怀化","乡村"
"E03FB2E282DC932707ACFD9DC8D6672E","男","1971","硕士及以上","党政机关事业单位领导干部","3001～5000元","山东","聊城","城市"
"EB5428A5012EE8AF5B78ADBA3267C34A","男","1980","硕士及以上","党政机关事业单位一般职员","3001～5000元","江苏","南京","城市"
"D8ECC455934BCAD2D056998C4925669F","男","1992","高中/中专/技校","学生","无收入","广东","广州","城市"
"C128F178A5AC37EE98306FA2154E30CC","女","1975","大专","其他","1001～1500元","陕西","宝鸡","城市"
"D0F9AFE9074BA61C5793C975976446B2","男","1994","大专","学生","1501～2000元","四川","成都","城市"
"07AAAC73119FFA7CF51E682D60AAD759","男","1982","大专","其他","8001～12000元","上海","浦东","城市"
"066906620E978664F94CD28D5E2AED02","男","1979","大学本科","个体户/自由职业者","1501～2000元","甘肃","庆阳","城郊"
"1864D10ADB3173388A7DA2FEB0C2E4F9","男","1967","大学本科","专业技术人员","1001～1500元","山东","青岛","城市"
"90A1931A027E439B02F000A5131C8B1E","男","1988","大学本科","学生","500元及以下","辽宁","大连","城郊"
"CA82768CE5696FC1AE4BEFDCB6EBC48E","男","1971","高中/中专/技校","个体户/自由职业者","2001～3000元","湖北","襄樊","城市"
"A264646D60CA80DCAEB979CEA9E6C57B","男","1990","大学本科","学生","无收入","河北","保定","乡村"
"44385ABC151296F1857D27A6B140D638","男","1970","大学本科","企业/公司一般职员","5001～8000元","湖南","衡阳","城市"
"FA50869F5FFDC06EA233A7177C6B4AF0","男","1977","大专","党政机关事业单位一般职员","2001～3000元","陕西","宝鸡","城市"
"77E10F3F0E12D0B407B94B8887967AC2","男","1974","大学本科","专业技术人员","1001～1500元","福建","龙岩","城市"
"FF0D38C72EB2B26FBD1F501185CC6B6F","女","1970","高中/中专/技校","党政机关事业单位一般职员","1501～2000元","上海","虹口","城市"
"E6097A33CEC64A70995149B870652BF5","男","1970","大学本科","专业技术人员","3001～5000元","安徽","合肥","城市"
"E01D99D462E63557AB72B61E865D53F1","男","1979","大专","企业/公司一般职员","2001～3000元","上海","奉贤","城市"
"6C1D69DD61B4192C8EF551E5A5D6A873","男","1987","大学本科","企业/公司一般职员","1001～1500元","陕西","西安","城郊"
"8F1BE10F4914D2BCF38330BDA14DD67F","男","1989","大学本科","学生","无收入","陕西","西安","城市"
"C4005DA4A9596BBF58A638DF07B30A50","男","1994","初中","学生","无收入","广东","汕头","乡村"
"8AD06C1237D7AC29AF2BC0071D55F80D","男","1994","高中/中专/技校","学生","无收入","安徽","淮北","城市"
"91183F95EA486B8B443733B0AA69F960","男","1971","高中/中专/技校","个体户/自由职业者","1501～2000元","江苏","南京","城市"
"2BA3910CBD76E004FA653E821B0680A1","男","1989","大学本科","企业/公司一般职员","1501～2000元","广东","肇庆","城市"
"7D70FF7411131E14A84B95FAE24996BD","男","1939","大学本科","退休","2001～3000元","上海","虹口","城市"
"A6C27D96D40D291B4A7BC3797CDF5253","男","1970","大学本科","专业技术人员","3001～5000元","江苏","盐城","城市"
"5F454B36EAE7AB91B5898F97C8F2B2EE","男","1982","大专","党政机关事业单位一般职员","5001～8000元","广东","广州","城市"
"2BAC6CFB4DBB41AF2269DA8F445E2D11","男","1981","大学本科","专业技术人员","2001～3000元","河南","郑州","城市"
"467792FF7AF12B057E9DC97202D95EF0","男","1965","大专","个体户/自由职业者","3001～5000元","河北","衡水","城市"
"03DF84A064F0A0A3FC0EBB8B1A833DD5","女","1987","大学本科","企业/公司一般职员","2001～3000元","广东","中山","城市"
"C77BEE75EB5F1507280981E8C760FD1C","男","1981","大专","其他","5001～8000元","广东","肇庆","城郊"
"B152E83FF597B1331CB62B2EE4C98DC9","男","1996","初中","学生","无收入","陕西","咸阳","unknown"
"150E6DEA93B9F1AE6001B75D4906A8E5","女","1978","大学本科","企业/公司一般职员","3001～5000元","浙江","宁波","城市"
"67D0815C6B783EAF0F68D6C8FB458BAB","女","1987","大学本科","学生","无收入","陕西","西安","城市"
"A09163B9185953C6B7656E62BB2EF98B","男","1980","大专","企业/公司管理者","1001～1500元","江苏","淮安","乡村"
"0CE76E1C86756413AFB7C167F528FFEF","男","1967","大学本科","专业技术人员","2001～3000元","河北","石家庄","城市"
"260B63494048521A1810F075504872A4","男","1985","小学及以下","退休","12000元以上","江苏","盐城","乡村"
"E8408A77EA10EDBBFCE413740B1C048D","男","1976","大学本科","党政机关事业单位一般职员","3001～5000元","河北","沧州","城市"
"90BB9087D207DD0DAA6139DE353C3ADC","女","1980","大学本科","企业/公司管理者","12000元以上","北京","朝阳","unknown"
"03ED6C135C5912CF3BD6060F43EDEDF1","男","1985","硕士及以上","学生","501～1000元","北京","海淀","城市"
"3F13B8EC315845C81D371F41E772399C","女","1992","高中/中专/技校","学生","500元及以下","广东","云浮","城市"
"7A58DC00E91D747C54A85B53F08D0C72","男","1988","硕士及以上","其他","12000元以上","广东","江门","城市"
"FFFC797556611242E316E22CD5743F3D","男","1973","高中/中专/技校","产业、服务业工人","3001～5000元","上海","虹口","城市"
"74393C9C321D6DBC504A2D12530BBBB9","男","1978","大学本科","专业技术人员","5001～8000元","北京","通州","城市"
"5B6C0F1D24D8AA923D611852B8B1C9F8","男","1999","初中","学生","无收入","湖北","荆州","城市"
"151B08D601BF8F2EDEF1BE37BEB4B47A","女","1980","大学本科","党政机关事业单位领导干部","2001～3000元","四川","达州","unknown"
"1220FE300F11F9B16E4DC2AA42BD6176","男","1988","大学本科","企业/公司一般职员","1001～1500元","广西","河池","城市"
"63DA3A573DF6913AC75FCC69189CE618","女","1978","大学本科","个体户/自由职业者","3001～5000元","山东","济南","城市"
"2282F074144A175DF764041F99FBF297","女","1987","大专","企业/公司一般职员","2001～3000元","北京","海淀","城郊"
"474DB8C9BD5216CEB8D9F514FCFA856C","男","1986","大专","学生","2001～3000元","江苏","南京","城市"
"C2554E1594BF7A4D7F0F3A4A757BCB81","男","1983","初中","农村外出务工人员","1501～2000元","广西","南宁","乡村"
"35239B343D0EAF2E0F3816C8B058737E","男","1975","大专","企业/公司管理者","12000元以上","河北","秦皇岛","城市"
"E91FA3C45E1926A0C256162A3EE499F8","男","1985","大专","企业/公司管理者","3001～5000元","上海","浦东","城郊"
"A8917156E5A0A661F75073CDE7036817","女","1969","高中/中专/技校","无业、下岗、失业","无收入","新疆","哈密","城市"
"23FDDE3B29242FC4292572A2A9F88FCA","男","1975","大学本科","专业技术人员","3001～5000元","北京","房山","城郊"
"12649FAB721FB087039AF3469366DBD2","男","1992","大学本科","学生","无收入","天津","北辰","城市"
"4B7379C57371F4C6537282BF54FA7542","男","1981","大学本科","党政机关事业单位一般职员","3001～5000元","湖南","长沙","城市"
"2749A9ED1D7EF35F0E6ADE73CDFEA76A","男","1983","初中","农民","2001～3000元","天津","武清","unknown"
"B388D3095E1A03185644B85CD86076FA","女","1994","高中/中专/技校","学生","无收入","上海","虹口","城市"
"8BF222B92447AA41ED4FFDF8E4F60C75","男","1985","大学本科","企业/公司一般职员","3001～5000元","陕西","西安","城市"
"5E28C76067C92F70D80FA1F8D25EE76E","女","1990","大学本科","学生","无收入","上海","虹口","unknown"
"7ADAF6A3896C506476A17342EB67AE76","男","1984","高中/中专/技校","个体户/自由职业者","1001～1500元","内蒙古","呼和浩特","城市"
"98FEA99AAFDEAF301E69D074E0B9775C","男","1982","硕士及以上","党政机关事业单位一般职员","2001～3000元","黑龙江","黑河","城市"
"10A7ED39C0A981A4E2CA3C97B1C8FFEE","女","1979","大学本科","企业/公司一般职员","8001～12000元","上海","虹口","城市"
"E9EE0E09750465B2D6401F1227FB91DD","男","1982","大专","个体户/自由职业者","3001～5000元","山东","青岛","城市"
"557C8192DC08B09BA0FDE79BF5F4604C","男","1987","硕士及以上","学生","无收入","上海","徐汇","城市"
"7D1A981F00B5C328A891D4C6D44B65FC","男","1992","高中/中专/技校","学生","无收入","江苏","徐州","城市"
"DA8D2C39892BFA8738537EB8D800A5ED","男","1952","高中/中专/技校","企业/公司一般职员","8001～12000元","北京","崇文","城市"
"321586A3CFE84E9365A55D0ED20FB62A","男","1974","大专","专业技术人员","2001～3000元","河北","石家庄","unknown"
"0143692D264FD906F10B8ECAB0F139D1","男","1995","初中","学生","无收入","山东","泰安","城市"
"8BF7629DB4267D3FFA1B6B3D38EACF53","男","1966","大学本科","党政机关事业单位一般职员","2001～3000元","山东","德州","城市"
"B6225444F2560BA859C24A14CCD9769C","男","1985","大专","企业/公司一般职员","2001～3000元","江西","南昌","城市"
"C110356C73E2BEBDB849594FB80AF645","女","1989","大学本科","学生","无收入","江苏","南京","城市"
"1F6B7C9A2B02E179494E10BEF08368B8","女","1987","大学本科","企业/公司一般职员","2001～3000元","吉林","长春","城市"
"9599BDAB29C403B39CF3DF8634B11B63","男","1948","高中/中专/技校","退休","2001～3000元","广东","广州","城市"
"417C33222AD9694AA1002D664ADA0049","男","1973","大学本科","专业技术人员","3001～5000元","山东","济宁","城市"
"B4BDBF653B832C3563F682F1FCBC2C16","男","1971","大专","党政机关事业单位一般职员","1501～2000元","河北","廊坊","城市"
"B473D51FB43EC64EE796AC82071FDDEE","男","1986","大专","专业技术人员","12000元以上","河南","郑州","城市"
"4D17020912A303AA44CAAC5F38503178","男","1982","大学本科","党政机关事业单位一般职员","5001～8000元","河南","商丘","城市"
"F9311EF0C9EADD32A0314E7D39817523","男","1994","高中/中专/技校","学生","无收入","福建","福州","乡村"
"E3D93FF060854D434BC18730A4375A03","男","1989","大专","其他","2001～3000元","安徽","合肥","城市"
"E7E4B346D39C2DB67820A355187D4FCB","男","1983","大专","企业/公司一般职员","1501～2000元","辽宁","沈阳","城市"
"8E70E3D226CD3FD3D7B21D1D70C23ABB","男","1973","高中/中专/技校","个体户/自由职业者","5001～8000元","辽宁","朝阳","城市"
"5432249EF7F912A140166DD0FBAB6173","女","1987","高中/中专/技校","农村外出务工人员","1001～1500元","黑龙江","牡丹江","乡村"
"922C880F024161B6DF70AA90C1E14DEA","男","1952","大专","退休","2001～3000元","上海","卢湾","城市"
"3DA644173C314ED53BF3D35C6772578B","女","1961","大学本科","其他","3001～5000元","北京","西城","unknown"
"8177898CA27F04A831C427856CB260A6","男","1951","高中/中专/技校","退休","3001～5000元","山东","滨州","城市"
"4EF86536163F08B8D1DBD2FC3A73A7C6","男","1970","大学本科","企业/公司管理者","3001～5000元","安徽","合肥","城市"
"B146FE622542D7693FC582D015E04A09","男","1968","小学及以下","农民","501～1000元","吉林","吉林","乡村"
"F31E3C6A45A5E8E373BBADFE9BF7AC78","女","1985","大专","无业、下岗、失业","无收入","上海","闵行","unknown"
"538453835B778CCA4A3E04EF26625430","女","1982","大学本科","企业/公司一般职员","3001～5000元","上海","浦东","unknown"
"0F0CB59C1DDDC32BC9104448EABED4DB","男","1983","大学本科","企业/公司一般职员","5001～8000元","北京","朝阳","unknown"
"5CC7EE23A63066CF0CEAB4713B39D9BF","男","1976","大专","企业/公司一般职员","2001～3000元","陕西","宝鸡","城市"
"7D1CBC0CB9BC3FA1EE6FA52D5E21808C","男","1981","大专","个体户/自由职业者","无收入","天津","塘沽","城市"
"1D97D2EB7F417BC14BA9F996BFD1D140","男","1982","大学本科","党政机关事业单位一般职员","2001～3000元","湖北","武汉","城市"
"2E0A7E6933D1DFA62A850BE5AD9A858F","女","1987","大学本科","党政机关事业单位一般职员","1501～2000元","福建","南平","城市"
"6294D6FA1C5C81F5F7A565E8CB39567C","女","1986","大学本科","其他","2001～3000元","上海","闵行","城市"
"F52D27E4C25437E92983AE784BFBA016","男","1983","大学本科","企业/公司管理者","3001～5000元","山东","东营","城市"
"74D7BEC525697AD2E0F2D181A4D000FE","男","1991","初中","学生","501～1000元","河南","郑州","乡村"
"BCED4437FCAFF42C57A70F6AE2D9F14B","男","1964","大专","党政机关事业单位领导干部","3001～5000元","河北","唐山","城市"
"B7D8767E1C7551350789960306545A89","男","1980","大学本科","党政机关事业单位一般职员","5001～8000元","江西","宜春","城市"
"7B60A7D6049B5F54006F8D4B8BF81608","男","1989","大学本科","学生","无收入","北京","平谷","乡村"
"62C949565BA8F06653D32CECF71FB8A0","女","1983","大专","企业/公司一般职员","1001～1500元","上海","金山","城市"
"B61FCA3DEAA7B75DDE77FA98EC070F39","女","1990","大学本科","学生","500元及以下","北京","昌平","城市"
"F106021ACF832AAB91E002D19A31C80B","男","1986","高中/中专/技校","专业技术人员","1501～2000元","河南","商丘","乡村"
"E6EA268AEF379D9E03C1CF543CF40532","男","1983","大专","企业/公司一般职员","3001～5000元","上海","金山","unknown"
"DAE2D7F744E1AF914AA15238852E056F","男","1976","大学本科","党政机关事业单位一般职员","3001～5000元","江苏","苏州","城市"
"C3CCF898548C162AD6C66383D32263F7","男","1978","大学本科","企业/公司一般职员","2001～3000元","广东","惠州","城市"
"8EBCECC0E94ACC025C7841B52F3C971E","女","1995","高中/中专/技校","学生","无收入","上海","闸北","城市"
"879051D59E50D70DF95E88BBDEE9F187","男","1990","大学本科","学生","无收入","山东","青岛","城市"
"6C316D02D13C736DE2E0CEE67A3BD350","女","1990","大专","学生","无收入","湖南","长沙","城市"
"51D918650AAF322BD4F335045CCC104B","男","1987","硕士及以上","学生","500元及以下","广东","广州","乡村"
"3476B812B89A63EED415CB2E8FBFF206","男","1988","大学本科","企业/公司一般职员","1501～2000元","江苏","南京","城郊"
"697C22E48E9CB0207D3E5D7560C971F6","男","1988","大学本科","学生","3001～5000元","广东","广州","城市"
"7807CB1E91AE2F97F1346FD6E95FDB4C","男","1987","高中/中专/技校","企业/公司一般职员","2001～3000元","河北","唐山","乡村"
"70DFAB4E279CB7E0A9A5A08DBA2FF58A","男","1978","大专","党政机关事业单位一般职员","2001～3000元","北京","朝阳","乡村"
"839E73B5BDB55FDA42D7A5B9707763D7","女","1993","高中/中专/技校","学生","无收入","辽宁","辽阳","城市"
"1F790259268C085DF28C89514AA33E91","女","1986","大学本科","党政机关事业单位一般职员","1001～1500元","山东","枣庄","城市"
"F6DA450486F1D52E1D975837F24DA054","男","1983","大学本科","个体户/自由职业者","5001～8000元","福建","福州","城市"
"95EA0C78243E59317250D88262C7C0B8","男","1979","大学本科","其他","无收入","四川","成都","unknown"
"A98E0E2EFA7716E48268DC314F386D23","男","1977","大学本科","企业/公司管理者","5001～8000元","河南","郑州","城市"
"EC71E71A6A46AB2D351378E9BE681401","女","1981","大专","专业技术人员","无收入","浙江","杭州","城市"
"BC4FFDE0D32D994F57AC6858F61F6F76","女","1974","大专","企业/公司一般职员","2001～3000元","山东","济宁","城郊"
"CE72AFF6A83306A46DE441529B8D0D54","男","1969","高中/中专/技校","企业/公司一般职员","1001～1500元","北京","东城","城市"
"35E10B0ED406F7A8FEAD6011951F4342","女","1981","大学本科","企业/公司一般职员","2001～3000元","吉林","吉林","城市"
"82439352DC33FE021C33865CEDC4D0BC","女","1980","大专","个体户/自由职业者","2001～3000元","浙江","湖州","城市"
"A4E1587CBFB3A1199EEDBA886AA1A1DD","男","1966","硕士及以上","企业/公司管理者","12000元以上","天津","南开","unknown"
"78716B286B479E2C380F54ED824C20FC","男","1972","大学本科","专业技术人员","3001～5000元","江苏","苏州","乡村"
"18A2A5F49CA48251F04834ED8ECA6954","男","1992","大学本科","学生","无收入","北京","西城","城市"
"30BAF43515E6EF3BA3B902062FBEB8A5","男","1998","大专","学生","无收入","黑龙江","哈尔滨","城郊"
"3E1C8B0DD292F88924BC7916D09B66DE","男","1985","高中/中专/技校","企业/公司管理者","2001～3000元","重庆","九龙坡","城市"
"44D4EABEE779A0AE5F784EA3A4AAC563","男","1988","大专","企业/公司一般职员","2001～3000元","广东","佛山","乡村"
"2FA6C9275D5C38AF0BCB41C470CE9707","男","1975","大专","企业/公司一般职员","1001～1500元","河南","南阳","unknown"
"42AEC61B6295616863885203A1F3ABF4","女","1989","大学本科","学生","2001～3000元","广东","韶关","城市"
"A76B0DF319524F90A3E677A58D109EE5","女","1960","大学本科","其他","2001～3000元","广西","梧州","城市"
"04EB8989F07D878D029C9DCDCB6A3BD7","男","1990","大学本科","学生","无收入","江苏","盐城","unknown"
"D7E5AD00EA55EA21B787AB6D7FA6F3AD","男","1986","大学本科","企业/公司管理者","5001～8000元","上海","普陀","乡村"
"E45AE227D07AE97CD5CCE550EBF3F537","男","1988","高中/中专/技校","企业/公司一般职员","1001～1500元","广东","湛江","乡村"
"7B9AF7D996E926336797C30FB9ABD9BE","男","1987","大学本科","个体户/自由职业者","3001～5000元","浙江","杭州","城市"
"F5C59A6A35B260E032950AEBED684E9D","男","1993","高中/中专/技校","学生","无收入","安徽","巢湖","城市"
"51A3CA8793ADF5AD71BDBDC49E865ABA","男","1987","硕士及以上","学生","无收入","陕西","西安","城市"
"6E1F12483510CC4A2D4CAA503893F532","男","1997","初中","学生","无收入","广东","河源","城市"
"9831F3005CFA1FDDBEE359E55BB179CE","男","1986","硕士及以上","学生","无收入","陕西","西安","乡村"
"90DC0D11F3249636F77D78663E1CF6EB","男","1957","大学本科","党政机关事业单位一般职员","3001～5000元","山东","临沂","城市"
"354074699C225188E4A1F605F3B7F105","男","1984","大学本科","个体户/自由职业者","5001～8000元","广东","肇庆","unknown"
"69A3A347F69E18D1C68B944EAD659909","男","1974","大专","企业/公司一般职员","2001～3000元","江苏","徐州","城市"
"0E9BBDC7E088E5022721609E6705F8F7","男","1973","大学本科","党政机关事业单位一般职员","1001～1500元","陕西","汉中","乡村"
"B870BCD318B8D667A4D61A6E71ACD49D","男","1977","硕士及以上","党政机关事业单位领导干部","5001～8000元","广西","百色","城市"
"109B1AFEC4A8B130E017BB848BB635EE","男","1985","大专","企业/公司一般职员","2001～3000元","北京","海淀","城市"
"803056FD76BF33432D63755B47788A94","男","1966","大学本科","个体户/自由职业者","3001～5000元","吉林","白城","城市"
"3FB1DCF3D139B61602CD760B6AAB648B","男","1972","大学本科","专业技术人员","2001～3000元","山西","太原","城市"
"B8F151C38BC1B3DDA0BE8C2BFCD35B14","男","1976","大专","企业/公司管理者","5001～8000元","浙江","湖州","城市"
"8494B4297C945BA93E1F30C0F00772FA","男","1986","大专","专业技术人员","2001～3000元","浙江","杭州","乡村"
"C7DBF426D77E9CF422A7641EE7A3F436","男","1989","大学本科","学生","无收入","陕西","西安","城市"
"850FD45AAA8C1896B2E716B076A89407","男","1993","高中/中专/技校","学生","无收入","吉林","长春","城市"
"9D59E1F5A23016609720E31CC0F3F54D","男","1968","大专","个体户/自由职业者","1501～2000元","广东","深圳","城市"
"337BA3B4CFDBDCB843BEDE86E6A11561","女","1989","大学本科","学生","无收入","上海","徐汇","城市"
"96F3051F1231FE7B517F2E2B98F41BCE","男","1985","硕士及以上","学生","无收入","浙江","杭州","城市"
"2E2A039250CF822E5CF5D9A99A304901","男","1979","高中/中专/技校","企业/公司一般职员","2001～3000元","山东","聊城","城郊"
"B4C00DACEA7857E1DB734AF0CA86F14A","女","1979","硕士及以上","其他","3001～5000元","重庆","北碚","城市"
"2DA6C1A6824AD9F0BDB16CF5027A2D78","男","1976","大专","企业/公司管理者","3001～5000元","吉林","长春","城市"
"A6E2A3C39A4029E77D2CBAB488B8AA16","男","1975","大学本科","企业/公司管理者","5001～8000元","新疆","昌吉","城市"
"D954DD33C2314DC6CB20BF6AF24AFACF","女","1972","大学本科","企业/公司一般职员","2001～3000元","黑龙江","黑河","城郊"
"D55B5931AA3BCC2363F3F449350AC158","男","1985","大专","企业/公司一般职员","2001～3000元","安徽","合肥","城市"
"03D2A06576A04EEF4BE27B87FE84C7D2","女","1987","大学本科","企业/公司管理者","12000元以上","山东","泰安","城市"
"52A010213F98C7AAC7B767EF262D2BA4","女","1981","大学本科","企业/公司管理者","8001～12000元","北京","朝阳","城市"
"145900682CEE01804ABC2837B8538EE2","男","1982","大专","专业技术人员","1501～2000元","北京","崇文","unknown"
"10792F7A7EEE8B57A260E74ED5212978","男","1986","大专","企业/公司一般职员","1501～2000元","广东","广州","城郊"
"4A59FDAA433E6276E6434397D3F6DE16","男","1996","初中","学生","无收入","黑龙江","双鸭山","城郊"
"213663B6F2793AE812B5374727D9B52D","女","1981","初中","党政机关事业单位一般职员","1501～2000元","北京","西城","unknown"
"8805AC7B69734B50DE0F37274BD9DBC2","男","1983","大学本科","个体户/自由职业者","1501～2000元","广东","汕头","乡村"
"F858BBFA66B1EC7D220068D2F1B8793B","男","1988","高中/中专/技校","企业/公司一般职员","1501～2000元","浙江","宁波","城市"
"2273FBDCFA88AAD8116C6EE991E99939","男","1977","初中","农村外出务工人员","3001～5000元","浙江","温州","城郊"
"AFB9327ECA7B889923F353B93C3D3ECC","女","1982","大学本科","企业/公司一般职员","2001～3000元","山东","济南","城市"
"9079340A84B67675FEBA7313CDDE67FD","男","1993","高中/中专/技校","学生","无收入","上海","嘉定","城市"
"2E7F3A7BCE8DFB8B9F4364F9875C9B1B","男","1983","大学本科","专业技术人员","3001～5000元","辽宁","盘锦","城市"
"A06BF37E3772FBF4CFAAE671FBE0F40D","男","1984","大学本科","党政机关事业单位领导干部","8001～12000元","广东","广州","城市"
"BE8BBB657431F0F0A9E95A0B730C45B2","男","1987","大专","其他","3001～5000元","广东","深圳","城市"
"F5B5A18A903612B638F659662B243AD8","男","1976","大专","个体户/自由职业者","12000元以上","山东","滨州","城市"
"ADBDD7400B4C6F5E95CBE849AFA8CA53","男","1988","大学本科","学生","无收入","新疆","乌鲁木齐","城市"
"7BE58ADAB9B986A999B7791AE0B0E668","男","1988","初中","个体户/自由职业者","2001～3000元","山西","太原","乡村"
"58B8643EBED29BF12FBA5B6FCEB55AC9","男","1985","大学本科","企业/公司管理者","3001～5000元","陕西","咸阳","城市"
"FACFCEDD56CC874E4C72982AEBD9AFE8","男","1976","大学本科","党政机关事业单位一般职员","3001～5000元","四川","德阳","城市"
"0339FC64528A066AB3EE8E1C90CA0B56","男","1979","高中/中专/技校","企业/公司一般职员","3001～5000元","福建","泉州","城市"
"377EC074465A3154A264FCB7012C4199","男","1951","高中/中专/技校","退休","2001～3000元","北京","崇文","城市"
"156F0F1EE261F8A57FA37FDFDB022DEF","男","1998","初中","学生","500元及以下","山东","烟台","乡村"
"D62948FBC48F8EA8490E172F1D0B2AD1","男","1971","初中","专业技术人员","2001～3000元","浙江","绍兴","乡村"
"B911DECF1220BDE89E6D7876E9E0412F","男","1972","大专","其他","1501～2000元","重庆","万州","城市"
"F7102577EA745944219C28BF8025867A","男","1971","高中/中专/技校","企业/公司一般职员","3001～5000元","陕西","西安","城市"
"16F98F1331C1839B297E83BD8A4BBA48","男","1982","大专","个体户/自由职业者","5001～8000元","广东","广州","城市"
"D27DB3EB564D31DD9E954002D414CC10","男","1983","大专","专业技术人员","3001～5000元","广东","广州","城市"
"F877FFD3E2602B86EAECE5218CEFA3E3","女","1990","大学本科","学生","无收入","上海","杨浦","城市"
"D390D3DA2959FCF07B08B99257B0F310","女","1987","大学本科","企业/公司一般职员","1001～1500元","福建","厦门","城市"
"70CB7C68059A26C1778011A8F2D24EF0","男","1967","大学本科","党政机关事业单位一般职员","1501～2000元","广东","湛江","城市"
"2EE733831BAC94AE8B4D8B4A3FBBD104","男","1962","大专","专业技术人员","5001～8000元","福建","福州","城市"
"03C3D1E536560A76B66CAC523F258385","男","1973","高中/中专/技校","其他","3001～5000元","广东","揭阳","城郊"
"0CD6E289378EC3AE01314E2AD2D71AA0","女","1979","大学本科","党政机关事业单位一般职员","8001～12000元","广东","广州","unknown"
"26B514CD0405553B0D4738D29D296E05","女","1976","大专","专业技术人员","8001～12000元","广东","惠州","unknown"
"04BABE9EBBC0F48F79ABD7CB6191508E","女","1982","大专","个体户/自由职业者","12000元以上","江苏","苏州","城市"
"801A0A6C34E6CED8B4F4DCBCAC539235","男","1991","大学本科","其他","无收入","台湾","台南","城市"
"159F704B70B43950CF5489054FDCF274","男","1973","大专","企业/公司一般职员","2001～3000元","江苏","扬州","城市"
"0785946275B91BE0F31FAD4A225ECFC2","女","1988","大专","企业/公司一般职员","3001～5000元","广东","深圳","城市"
"1090D9126BB7058BCCD455DCA1DD97F6","男","1982","大专","企业/公司管理者","5001～8000元","山东","济南","城市"
"E4DF40009D145C31ED4842587FDE6A89","男","1991","大学本科","专业技术人员","501～1000元","广东","湛江","城市"
"22971F0B6642652F693D67159B5B1C0D","男","1982","大专","企业/公司一般职员","1001～1500元","河南","新乡","城市"
"356B0C98FC69DE763733FAFFA2C45537","男","1977","硕士及以上","其他","5001～8000元","辽宁","大连","城市"
"F9EDCF222E663597E34ABA8E95ECF99A","男","1987","高中/中专/技校","企业/公司一般职员","3001～5000元","江苏","苏州","城郊"
"59D83AD91B465C43B9AAED08FF2B04F4","女","1984","硕士及以上","企业/公司一般职员","5001～8000元","北京","东城","城市"
"F81DA3752D8A7D9E8C2BBBA90FE3B1D2","男","1985","大专","企业/公司管理者","3001～5000元","河南","郑州","城市"
"59BB256C9FB9D839F5DC8BC0791D3124","男","1987","硕士及以上","无业、下岗、失业","无收入","福建","厦门","城市"
"12215E7DB754EB330ABE11CD80A442D4","男","1957","大专","专业技术人员","3001～5000元","江苏","淮安","unknown"
"32C3D0CDAA575BC25350C7FCE4AD91E2","男","1989","大学本科","学生","无收入","山东","东营","乡村"
"5F8781542896CBE7CAA40033EF408927","女","1984","大专","企业/公司一般职员","2001～3000元","吉林","通化","城市"
"47D6CB8A1ECF234B351E9B31F7D4A9ED","男","1994","高中/中专/技校","学生","无收入","江苏","苏州","城市"
"0D61B2200577F889863F80DE48244F6F","男","1991","大学本科","学生","501～1000元","山东","济南","城郊"
"71462521C1207A4ADC81B72DA3776251","男","1982","高中/中专/技校","企业/公司一般职员","3001～5000元","广东","广州","城市"
"4527CB2CD0928D6BC2C5BE186D86BCBF","男","1964","大学本科","企业/公司管理者","8001～12000元","上海","长宁","城市"
"2D57916CBAE746F3EEF47583E0F13CC2","男","1976","大学本科","其他","3001～5000元","江苏","扬州","城市"
"CFAEE698FE5E5069AA9E0BE93BA6877E","女","1966","大学本科","专业技术人员","2001～3000元","江西","南昌","城市"
"4D184EF15FF70F47ADF62843E9A57292","男","1984","高中/中专/技校","个体户/自由职业者","1501～2000元","甘肃","兰州","城市"
"72C459B213CC4AB1DBDDE8464C4ACA2D","男","1969","高中/中专/技校","专业技术人员","2001～3000元","重庆","涪陵","城郊"
"E3FE68AF34ED8E987579B0771EA0EED5","男","1978","大学本科","专业技术人员","3001～5000元","江苏","宿迁","城市"
"34042C360D640BC6A90E04A4A329C906","男","1968","大学本科","其他","3001～5000元","山西","长治","城市"
"A809AEDEC0625CF63861593F844E3F49","男","1973","大学本科","企业/公司管理者","2001～3000元","山东","青岛","unknown"
"30720669122C04DD639FF2B230C11E93","男","1965","大学本科","其他","3001～5000元","黑龙江","黑河","城市"
"2F025D1B45AB80E2999A146FF49909B6","女","1992","大学本科","学生","无收入","吉林","辽源","unknown"
"54BD618B5673B6D6840ACA8263ECABC7","男","1978","高中/中专/技校","产业、服务业工人","2001～3000元","浙江","杭州","城市"
"E35A8EFCAA850C9CF32D43CB01F1055A","男","1979","大学本科","党政机关事业单位一般职员","5001～8000元","福建","厦门","城市"
"7114D8EC917EECE556439706E4DA93E9","男","1976","大学本科","个体户/自由职业者","8001～12000元","上海","普陀","乡村"
"04BDB6B53A9CACC5F6876E84F90B4F7C","女","1991","高中/中专/技校","企业/公司一般职员","2001～3000元","广东","佛山","乡村"
"62695ABAC0643497FDFFCAD9C9AEE1EF","男","1974","大学本科","企业/公司一般职员","8001～12000元","天津","塘沽","城市"
"EC2CE1846AA817F93AA94CED7F9D19A7","男","1962","大学本科","专业技术人员","2001～3000元","山东","淄博","城市"
"8B5D05453B8724CD3910471B7CAA3965","男","1982","大学本科","个体户/自由职业者","5001～8000元","江苏","连云港","城市"
"CD7DEC1FF44461F0CB9168CB6AD13960","男","1967","硕士及以上","企业/公司管理者","12000元以上","福建","福州","unknown"
"6984620E659B9FBCAD4C9BC1B7D85183","男","1980","大学本科","企业/公司管理者","12000元以上","山东","烟台","unknown"
"749A431EA80D19B4F7FE3566CE1A0981","男","1979","大学本科","党政机关事业单位领导干部","3001～5000元","福建","莆田","城市"
"EAC7F67FA298F009C0EE19793E9EECA9","男","1972","大专","企业/公司管理者","5001～8000元","吉林","吉林","城市"
"E3FD6F72286D9B083267088E76D43BDC","男","1980","大专","企业/公司管理者","2001～3000元","山东","潍坊","城市"
"F1F526ED8E6F57A0BCA460A13D121FCC","男","1984","硕士及以上","企业/公司一般职员","8001～12000元","广东","广州","unknown"
"B7EDE7E3F6BC5748A3D181FF20327D7D","男","1962","大学本科","党政机关事业单位领导干部","3001～5000元","贵州","贵阳","unknown"
"305D05CB9AAC4B898D9479593A4D5795","男","1950","大专","退休","3001～5000元","吉林","长春","城市"
"EF1601E151259F022867984DD638B6B3","男","1968","大学本科","企业/公司一般职员","3001～5000元","上海","长宁","城市"
"C92221F99959B91D091B181D21112AE5","男","1970","高中/中专/技校","农村外出务工人员","3001～5000元","广东","珠海","乡村"
"12F86FE25591796ABBA9C247988DD960","男","1986","高中/中专/技校","企业/公司一般职员","2001～3000元","河南","安阳","城郊"
"FB3572C1EFA834B932BC287490AB0590","男","1980","大专","个体户/自由职业者","3001～5000元","江苏","南京","城市"
"5F2DAE5983C137F9E1FDA37EBBB823E5","男","1988","高中/中专/技校","无业、下岗、失业","501～1000元","山西","太原","unknown"
"A118243C7945400CAA4B90D3B35CB0FB","女","1977","大学本科","个体户/自由职业者","2001～3000元","北京","丰台","城市"
"422B1ECFAB8FBD242D2F55D3D2145F17","男","1980","大学本科","专业技术人员","5001～8000元","浙江","绍兴","unknown"
"727023C75383A285973F070B314E4BE0","男","1974","大学本科","其他","2001～3000元","湖北","武汉","城市"
"960993A18772A1C83D4C9F0BED7A462D","男","1990","大学本科","学生","无收入","广西","桂林","乡村"
"3B20AEE0CED958A33A9BD636EC076778","男","1958","大学本科","企业/公司一般职员","12000元以上","江苏","南京","unknown"
"6C401AA1FFA5C0F4C6BF4766DDB8F3EC","男","1972","大学本科","党政机关事业单位一般职员","2001～3000元","吉林","辽源","城市"
"DB11C5C975E9EBC90EC7184C64EC92AC","男","1983","高中/中专/技校","企业/公司管理者","2001～3000元","浙江","绍兴","城郊"
"A08D6CA2E1E86E0928C67992E10FAB6A","男","1982","大学本科","专业技术人员","5001～8000元","广东","中山","unknown"
"6004B25B2674D3A51D3268E20D282A49","男","1980","大学本科","企业/公司一般职员","5001～8000元","浙江","杭州","城市"
"99711C50A948AFDF213FB4DA45F68CE2","女","1962","大学本科","企业/公司管理者","3001～5000元","河南","郑州","unknown"
"C2D1301A6B2A9F4AFE67A1AA7316547A","男","1983","初中","农民","1001～1500元","山东","潍坊","乡村"
"605C241E92A99309A39988316D4A8D7F","女","1992","高中/中专/技校","学生","无收入","山东","青岛","乡村"
"8606E8731F80DEF6CB5C02531DA42F26","男","1981","大学本科","企业/公司一般职员","5001～8000元","北京","石景山","城市"
"7E4D4BB19653CA5189EF8E8F0330A829","男","1972","大专","专业技术人员","1001～1500元","山东","菏泽","城市"
"6C13BEAE37B6B0986A9C7DF367B42943","男","1969","大专","个体户/自由职业者","501～1000元","河南","开封","城市"
"0F2E2A3823F69C3B1E5CD0365F66FA56","男","1990","大学本科","学生","501～1000元","辽宁","沈阳","城市"
"AEDD5983474717403333F5B7679AAA85","男","1982","硕士及以上","专业技术人员","2001～3000元","山东","滨州","城市"
"CD93C6CE9C01BE887980E749CBD41C82","女","1988","大学本科","企业/公司一般职员","3001～5000元","天津","和平","城市"
"80D875FBFFA3CC1AAFF1B353F685B1B4","男","1982","硕士及以上","党政机关事业单位一般职员","1501～2000元","浙江","杭州","城市"
"74949ED447C6885478849B8E0C93C0FD","男","1985","大学本科","企业/公司一般职员","1001～1500元","广东","佛山","城市"
"98361CCFF94E6296B69FA1DF21FC3E80","男","1984","高中/中专/技校","农村外出务工人员","12000元以上","福建","福州","城郊"
"7779E25F02E6BD190F6E16218333A600","男","1955","高中/中专/技校","产业、服务业工人","501～1000元","辽宁","沈阳","城市"
"EE76BDB73D7B40A5EEDD83BBBD71E200","男","1962","大专","专业技术人员","1501～2000元","上海","静安","城市"
"AED7B2797C9A3F6092E54167D051DD11","男","1976","大学本科","党政机关事业单位一般职员","3001～5000元","江苏","徐州","城市"
"A088FE0ABCBC66811B1FE7B995ED0712","男","1980","大学本科","企业/公司一般职员","2001～3000元","天津","南开","unknown"
"42A5180F999CD42D7F84B9EA9A0B3D11","男","1972","大学本科","专业技术人员","2001～3000元","甘肃","白银","城市"
"28969798ED898A4BBC56996EEA938C7C","男","1989","大学本科","党政机关事业单位一般职员","5001～8000元","江苏","苏州","城市"
"C917FC43F026F7C59DC95F2C72706E59","男","1985","大学本科","企业/公司管理者","5001～8000元","江苏","苏州","城市"
"8E2EFF9DAB23903121F20CA8058DE159","男","1986","大学本科","企业/公司一般职员","3001～5000元","四川","成都","城市"
"3E7A45B7C0426682AC8BBAE5151E1C09","男","1981","大学本科","专业技术人员","3001～5000元","新疆","石河子","城市"
"DEFF075AE720F8426219FA9D6AE079EE","女","1981","大学本科","其他","3001～5000元","山东","青岛","城市"
"12177C89F2ABC8BFBB6C814C456C562E","男","1985","大专","专业技术人员","3001～5000元","上海","青浦","城市"
"43F5D84E8466580F0E068997B7EDA63F","男","1972","初中","企业/公司一般职员","2001～3000元","北京","朝阳","城市"
"53EA191C9BA63114FB907831B4EA92A4","男","1989","大专","专业技术人员","1501～2000元","黑龙江","大庆","城市"
"F9751ECE51E27EBF715EA523CB706408","男","1989","大学本科","学生","无收入","辽宁","鞍山","城市"
"7412EEDB7DF7FC7A1EDE6A8D3A5974F2","男","1990","大学本科","学生","无收入","福建","福州","城郊"
"77AE84AA1F684C0F17831D72C92E502B","女","1990","大学本科","学生","无收入","上海","普陀","城市"
"0D1A0D9628B47A0540BC4150FC73E071","男","1990","大专","学生","无收入","云南","昆明","城郊"
"45EAE41904F9DB22C071DE332FCDBCBE","男","1951","大专","退休","1501～2000元","上海","虹口","unknown"
"AE8AB2C1665362C54E05AE29D5CB0327","男","1989","大专","企业/公司一般职员","2001～3000元","辽宁","大连","城市"
"22B58C528963CE0229FA10302E85FEBC","男","1981","硕士及以上","企业/公司管理者","12000元以上","广东","广州","城市"
"AF96FBACC0E2FB7AAB0E3FD81196CBDE","男","1984","大专","专业技术人员","5001～8000元","江西","萍乡","城市"
"E3DEF7A6276F2F8A8BC22FF7B41D7389","男","1974","初中","企业/公司管理者","3001～5000元","浙江","宁波","乡村"
"C34D07090AC98AAE3C9851CDEF24B71E","女","1982","大学本科","企业/公司一般职员","3001～5000元","上海","浦东","城市"
"155FB16D786BC75976FBF0604EE61D47","男","1970","大学本科","党政机关事业单位领导干部","8001～12000元","江苏","南京","城市"
"0238BF8BE49F536ABC8F6670B766CAA7","男","1987","大专","企业/公司一般职员","2001～3000元","北京","朝阳","城市"
"89DE1376B761662A6CE42A696D9BD501","男","1972","大学本科","个体户/自由职业者","3001～5000元","河南","郑州","城市"
"D16BA87D4A09BEFF02439588723FD553","男","1988","大专","其他","1001～1500元","广西","南宁","城市"
"4E94B4B05DAF0F144F8909B25927F6B1","男","1980","大专","企业/公司管理者","5001～8000元","湖北","宜昌","城市"
"21C54CE80C745CDC121EB28C2E012042","男","1990","大学本科","学生","无收入","安徽","黄山","乡村"
"5951DAAEB462B67C3B95388B742DD719","男","1946","高中/中专/技校","退休","3001～5000元","福建","厦门","unknown"
"A408452C17971A82DCF8ACBE747A5832","男","1985","大学本科","企业/公司一般职员","5001～8000元","福建","龙岩","城郊"
"25D5A028CCA062ED188C6E4A821D0BF0","男","1986","大学本科","企业/公司管理者","3001～5000元","江苏","南通","乡村"
"6879753E581A2330E1F07F56BBDD446D","女","1981","硕士及以上","学生","1001～1500元","江苏","南京","城市"
"A618591AE244B00ECA184F8A7D146972","男","1989","大学本科","企业/公司一般职员","3001～5000元","江西","抚州","城市"
"EDDCE0CD864A6D95C808D323F00E05BB","男","1982","高中/中专/技校","党政机关事业单位一般职员","501～1000元","广西","防城港","城郊"
"87B8C3DDE09969E4727835CB06661D1D","男","1988","大专","企业/公司一般职员","3001～5000元","上海","浦东","乡村"
"2F79E1B12442A03E64C678040458FA5C","男","1994","高中/中专/技校","学生","无收入","上海","浦东","城市"
"8977943E48CBFE8A822B9A7D50A62AF4","男","1989","大专","学生","1001～1500元","北京","密云","unknown"
"AE84A7B682BAB4C409CC855E3EAE6875","男","1984","大专","企业/公司管理者","5001～8000元","北京","昌平","城市"
"16A46DA8AE7DD5C074713C9127BC7841","女","1990","大专","专业技术人员","1501～2000元","四川","成都","乡村"
"8FB7DD868E8B92703EB3F3C2C5FEF0A1","女","1966","硕士及以上","企业/公司管理者","12000元以上","上海","虹口","unknown"
"AF89E706AF2E5F1EA0EB39B832F0D5BD","女","1986","大学本科","企业/公司一般职员","3001～5000元","上海","虹口","城市"
"2E6321CC61C8E1902EB0D9D8FB16BD1F","男","1986","大专","专业技术人员","2001～3000元","四川","成都","乡村"
"5CE87BBE5F6681EE22F246BBDBBBA94B","女","1988","大学本科","企业/公司一般职员","2001～3000元","山东","青岛","城市"
"4364451E9D7B686D84260D79CA7A4F09","男","1987","大专","企业/公司一般职员","5001～8000元","北京","朝阳","城市"
"2702269297C998E6B2DE3C805CB46884","男","1983","大学本科","企业/公司管理者","8001～12000元","重庆","沙坪坝","城市"
"3F321939AD237F55D6C338FCFB6F163D","男","1972","高中/中专/技校","企业/公司一般职员","12000元以上","福建","泉州","城郊"
"F565BB9EFCCAF6986443DB0BF01018BC","男","1979","大学本科","企业/公司一般职员","8001～12000元","北京","通州","城市"
"AE75FE9C59F4F1EBC860808E08F8CB23","男","1983","大学本科","其他","5001～8000元","四川","宜宾","城市"
"E6CF2A2F2EC751BA722C635ACC4AE2F6","女","1981","大专","无业、下岗、失业","无收入","上海","浦东","城市"
"1108CC70BC4D753BAA26B45C37ADE09B","女","1989","大学本科","学生","1001～1500元","江苏","南通","城市"
"F2095765CF8D9BD11547A54593585DCD","男","1978","大学本科","产业、服务业工人","2001～3000元","湖南","长沙","城市"
"547422FD1D8693F345EA1EB1194ED3FD","男","1974","大专","产业、服务业工人","5001～8000元","北京","朝阳","unknown"
"7161BDAAD558445BD7BBE2B4E3B901F4","男","1983","高中/中专/技校","产业、服务业工人","2001～3000元","广东","广州","城市"
"7F6A83230DF9692AD17D268C9A7E0909","男","1983","大专","企业/公司一般职员","5001～8000元","上海","虹口","城市"
"5B0B28B7DAC01EEB75E3DA80129A6CC2","男","1986","硕士及以上","学生","500元及以下","江西","南昌","城市"
"9D542C5B73C95E7ED646FA1CEC404BE1","男","1989","大学本科","学生","无收入","江苏","南京","城市"
"E1011FA80A317DCDCBADCEB4D6AB4707","男","1977","大专","企业/公司一般职员","1001～1500元","内蒙古","呼伦贝尔","乡村"
"20FD6A28E62C7C91677532522CFA4907","男","1996","大专","企业/公司一般职员","3001～5000元","广东","广州","城市"
"4A940B0E4E309707E2992C6ED594DD77","男","1987","大专","专业技术人员","2001～3000元","浙江","杭州","城市"
"1D035331ED376795C1F14479B94EE940","男","1980","大专","企业/公司一般职员","1501～2000元","江苏","无锡","城市"
"9D450E0529CA7328D07679163206F732","男","1983","大学本科","产业、服务业工人","2001～3000元","江苏","连云港","乡村"
"EDE529B2F98A369876AE5179EF04D3DF","男","1982","硕士及以上","企业/公司管理者","3001～5000元","辽宁","沈阳","城市"
"ADD788E0169BAB7E41376CC7F8C0E5D8","男","1971","高中/中专/技校","企业/公司管理者","2001～3000元","江苏","泰州","城市"
"D1EF2C3C5C96B761FB27D5C874854086","男","1988","大专","企业/公司管理者","2001～3000元","广东","珠海","城市"
"20984A1606DE751ADB448145C13B72B9","男","1989","大专","企业/公司一般职员","2001～3000元","江西","赣州","乡村"
"DFF73E9DC448BCB8D00DAA836268880B","男","1968","大学本科","党政机关事业单位领导干部","3001～5000元","江苏","南通","城市"
"7945F532EF2243EEC65F785073464C72","男","1984","大学本科","专业技术人员","5001～8000元","广东","广州","城市"
"41FA125B1C758503152DC825456F9E89","女","1979","大专","其他","1001～1500元","内蒙古","呼伦贝尔","城市"
"C8BB414636A584CB4674A5146986AB27","女","1989","大专","学生","无收入","新疆","乌鲁木齐","unknown"
"EDF9FD0DAAD4F40F461B00249BAA29EA","女","1987","硕士及以上","学生","无收入","陕西","西安","乡村"
"F846E452249DFFB893C910666A66D011","男","1978","大专","个体户/自由职业者","5001～8000元","陕西","西安","城市"
"4F6BF20B44E5677D58FA523FC97958D2","男","1976","高中/中专/技校","企业/公司一般职员","3001～5000元","福建","福州","城市"
"45E34D39549E70A5B2B8767C52E7C586","男","1970","大专","党政机关事业单位一般职员","1501～2000元","河南","三门峡","城市"
"4550FBE6028A13E578A651DAA0E8FF53","女","1990","大专","党政机关事业单位一般职员","1501～2000元","山西","晋中","乡村"
"B8B35CB0AE1719AA9F0BA7A9F3785687","女","1956","大专","退休","3001～5000元","北京","崇文","城市"
"B7AA540E3ECC024155DCBCADA0A865B6","男","1986","大专","个体户/自由职业者","1001～1500元","河南","焦作","乡村"
"C6BE48CF321D43882A5416B03210ECD5","男","1991","大专","学生","500元及以下","广东","佛山","城市"
"8B04F4D3F6827189D647EB5DB3CDE485","男","1985","大专","企业/公司一般职员","1501～2000元","安徽","宣城","城市"
"26A85273EAF7231270DADE90CFCFDF20","女","1979","大学本科","专业技术人员","3001～5000元","广东","深圳","城市"
"3C0880CD36C27DDC110181EDF51DAF68","男","1993","大专","学生","无收入","天津","河西","城市"
"B2DED30C1039627D0DE5EF6EE62228FF","男","1981","大学本科","专业技术人员","3001～5000元","安徽","滁州","城市"
"262792844B29895A637BC6AB97ED2145","男","1972","大学本科","党政机关事业单位一般职员","3001～5000元","浙江","温州","城郊"
"EFCC2FA8F6BBFF11ED5FAF193B8CDA52","女","1984","大专","企业/公司一般职员","2001～3000元","上海","闵行","unknown"
"95DE64BF5247E483C3BFF7B88E0AE061","男","1961","大专","个体户/自由职业者","1501～2000元","江苏","南京","城市"
"6DBAAC10001E76022728ACEEFE713324","男","1985","大学本科","党政机关事业单位一般职员","3001～5000元","山东","济南","城市"
"33286E9D8C6B0877C248652315CBD73D","男","1971","大学本科","党政机关事业单位一般职员","3001～5000元","山东","东营","城市"
"74DD37C7CA0CECCA5C9B0DDE783B2956","男","1960","大专","党政机关事业单位一般职员","3001～5000元","福建","莆田","城市"
"5D5CF0D006578902A0D50FF33ABC2D6F","男","1982","高中/中专/技校","专业技术人员","3001～5000元","上海","浦东","城市"
"11947D63A74B417AEE8633FABE44DD63","女","1987","大专","学生","无收入","北京","朝阳","城市"
"14D62B5B74D0584BE285F7B603DC978B","男","1990","大学本科","学生","500元及以下","内蒙古","呼和浩特","城市"
"F86315AF2D90851E22B5240FFC6DD596","男","1980","大专","企业/公司管理者","3001～5000元","北京","崇文","城市"
"A16E19EBA6D939FB985BA89CB89CADB7","男","1970","高中/中专/技校","农村外出务工人员","3001～5000元","福建","厦门","乡村"
"249BDBEADAAB07B22AC9966412827410","女","1984","大专","企业/公司一般职员","3001～5000元","上海","闵行","城市"
"E49CD17D53B15C4F9A152A47A5776641","男","1980","大专","个体户/自由职业者","3001～5000元","上海","青浦","城郊"
"84501EB49E921FEDD164D5F7BFDA767C","女","1991","大学本科","学生","无收入","辽宁","沈阳","城市"
"4088629DFAD1D557B5C84BD12CCDA5B2","男","1993","大专","学生","501～1000元","湖北","荆州","乡村"
"86410931DB64459ED657A8A2E68298ED","男","1985","大专","企业/公司一般职员","1501～2000元","江苏","徐州","城市"
"3EF390588B1B7582177831F4032B7E22","男","1953","大专","个体户/自由职业者","1001～1500元","江苏","宿迁","城市"
"8ED0AE107CCFD4853411798514802685","男","1983","大学本科","专业技术人员","1001～1500元","山东","聊城","城郊"
"9A090CC9A08EA4D2AAC833E4A776D831","男","1991","大学本科","学生","无收入","山东","泰安","城市"
"8CECBA28FE95D9B0C19EF98AA5AAE5CB","男","1991","大学本科","学生","无收入","安徽","淮北","城市"
"A337B296C212C2DE74EC77F0F1534924","男","1982","大学本科","专业技术人员","3001～5000元","河南","安阳","城市"
"B3FF5AF0D81CD0A6FF2ABA5172B9B242","男","1991","大学本科","学生","无收入","海南","海口","城市"
"57354BC70C1049067F43BF06DBF59ED3","男","1975","大学本科","党政机关事业单位领导干部","2001～3000元","北京","丰台","城市"
"0E33C082A1C41EF4782D80631B2B7700","女","1983","大学本科","个体户/自由职业者","501～1000元","广西","南宁","城市"
"A3B49B631FC49F1D192313ADBCD24559","男","1989","大学本科","学生","无收入","广东","清远","城郊"
"603713114D73CC898675BD5468F25F65","男","1992","大学本科","学生","无收入","河南","郑州","城市"
"6264E55046C16D88169A78FB4D5CE782","男","1990","高中/中专/技校","个体户/自由职业者","3001～5000元","广东","湛江","乡村"
"0BC719BBA3A0FAAF93395383E2BE321F","男","1979","初中","专业技术人员","3001～5000元","广东","深圳","城市"
"E2D3A6214890A32DD0FD1C2D335249A8","女","1978","大学本科","企业/公司管理者","3001～5000元","辽宁","沈阳","城市"
"F1D44F7050F49C610CF24EB47E190DD2","男","1988","大学本科","党政机关事业单位一般职员","2001～3000元","浙江","杭州","乡村"
"ACF9D8A63599E000BE4153F171CF4660","男","1986","大专","个体户/自由职业者","无收入","湖南","郴州","乡村"
"3D8BF0DDBA86422CADA21E373E817411","男","1987","大学本科","专业技术人员","2001～3000元","河北","唐山","unknown"
"916D8E24042864514060621307550B1C","男","1986","高中/中专/技校","个体户/自由职业者","1501～2000元","浙江","金华","城市"
"5F33BCD8A33B07C648317509855D193C","男","1992","大学本科","学生","无收入","江苏","无锡","乡村"
"EAB8BE2DBA0C2A0B1D30CCFE2B654109","男","1982","大专","个体户/自由职业者","1501～2000元","河北","沧州","城市"
"E8357B98B2F0DC3C1CC032288FBC3727","男","1985","大专","其他","2001～3000元","山西","大同","城市"
"AD326DB0F2323E382B67D86E822F6A1B","女","1978","大学本科","企业/公司一般职员","3001～5000元","上海","青浦","城郊"
"D75607B3991A5F9B5750BB6961235435","女","1987","大学本科","产业、服务业工人","1501～2000元","广东","珠海","城市"
"9A451D5DA4A1E6F25A5074CA0C451979","男","1948","高中/中专/技校","退休","3001～5000元","浙江","宁波","城市"
"F49DB7E24A06C20F409B456FC569B4B2","男","1977","初中","企业/公司一般职员","3001～5000元","浙江","温州","乡村"
"25E52241E749BA91469AD45E78BA8A12","男","1986","初中","专业技术人员","2001～3000元","浙江","台州","乡村"
"CD2ABC3B85488B39F9E4FB416D9B4BCB","男","1956","大专","专业技术人员","1001～1500元","河南","新乡","城市"
"466C204297EED64C1FFD720E089691FD","女","1971","大专","企业/公司管理者","2001～3000元","云南","昆明","unknown"
"4825B50748254E8891F3EC0B665CE55B","男","1991","大学本科","学生","无收入","广西","桂林","城郊"
"B2BFE5889CE2AD4C6106BDAE998E8DA5","男","1990","大学本科","学生","501～1000元","江苏","连云港","城市"
"2D44D8FA0FAE33F9EB6D5B64A4E66E06","男","1975","大学本科","专业技术人员","2001～3000元","吉林","四平","城市"
"C06938A7D045C03C2910D3A342AA5FD0","男","1982","大学本科","党政机关事业单位领导干部","2001～3000元","内蒙古","乌兰察布","城市"
"141ADF32D37C8752BC0D1F8F285790C3","男","1999","初中","学生","无收入","江苏","宿迁","unknown"
"314F24D89530968B9FE661FC415F3DC4","女","1989","大学本科","学生","无收入","吉林","长春","unknown"
"7D3223A8A16560F8666B7469D38E54BD","女","1982","大学本科","党政机关事业单位一般职员","3001～5000元","浙江","湖州","unknown"
"3838334AB5B5B53D96D415CB4C1722B5","男","1960","大学本科","企业/公司管理者","5001～8000元","江苏","南京","城市"
"B30247BA3A93517595747B28D9FDB41B","男","1966","大学本科","党政机关事业单位领导干部","2001～3000元","湖南","长沙","unknown"
"DC1C1EC4382434FD73964FA49A07FB66","女","1996","高中/中专/技校","学生","无收入","湖北","襄樊","乡村"
"F8A37D816DE22F6129E2A24F59C23702","男","1988","高中/中专/技校","其他","2001～3000元","广东","深圳","unknown"
"D777DB18A6EE85733E313701F0450E9F","男","1982","大专","企业/公司管理者","3001～5000元","福建","泉州","城市"
"8FC55A6220F8D6367622951A7020BAEC","女","1991","大学本科","学生","无收入","四川","南充","城市"
"5F369C181BD7692EA6422C1DA1C61FBE","男","1964","大专","个体户/自由职业者","5001～8000元","新疆","乌鲁木齐","城市"
"BFC079DBA34C7CAF247C0518E89232E4","男","1978","大专","专业技术人员","3001～5000元","山东","济南","城郊"
"32847A13A111C2A92A43ED0A162530DA","男","1987","硕士及以上","其他","无收入","内蒙古","呼和浩特","unknown"
"F587129576DF57146BF62035E80332E6","女","1987","大专","产业、服务业工人","1501～2000元","江苏","无锡","城市"
"DA8F53AB6E3D05FEF27DD3392B0FEC64","女","1985","高中/中专/技校","企业/公司管理者","2001～3000元","江苏","苏州","城市"
"07C72DF2929683FCDC1EBCF48F40DDCE","男","1977","大学本科","专业技术人员","3001～5000元","江苏","扬州","城市"
"C8D029DAEDF6C6600C252EAB0A63C8D1","男","1983","初中","其他","3001～5000元","福建","泉州","城郊"
"82E642661EA529946A89D7B671CD0A39","男","1980","高中/中专/技校","党政机关事业单位领导干部","3001～5000元","内蒙古","呼和浩特","城市"
"7E7D60D68EBDF657C67FCE318DDA83D5","男","1982","大学本科","企业/公司一般职员","2001～3000元","山西","吕梁","城市"
"70424C07270DDAA3F2BE623ABCA534BC","男","1995","高中/中专/技校","学生","无收入","浙江","杭州","城郊"
"D22F8B094BC44244C14D01D15B554C92","男","1980","大学本科","党政机关事业单位一般职员","2001～3000元","河南","郑州","城市"
"F2007AA2D95854CCAEF99F3C58F88F25","男","1980","高中/中专/技校","其他","500元及以下","广东","韶关","城市"
"691543DB466C72CDE0D2285E2B27C089","男","1990","高中/中专/技校","产业、服务业工人","1001～1500元","广东","中山","城市"
"4F566A3F2A5C7395E504CB33D7D5FB86","男","1981","大专","企业/公司一般职员","1501～2000元","山西","晋中","乡村"
"C6234A4CE9D14A7F095F23C62DA98AA6","男","1966","大学本科","企业/公司管理者","12000元以上","天津","塘沽","unknown"
"791BC795AB6A1421D6CBE7CEE9028933","男","1977","大学本科","企业/公司管理者","8001～12000元","江苏","常州","unknown"
"1A65B9C120CA70E796BC5D3E625E9086","男","1990","大专","个体户/自由职业者","1001～1500元","贵州","六盘水","乡村"
"81E8409CFAF46BA2EAC741EC01F9864C","男","1973","大专","企业/公司一般职员","5001～8000元","上海","黄浦","城市"
"5AA332169EE4939CED73F452CF29C659","男","1991","高中/中专/技校","学生","无收入","山东","莱芜","乡村"
"8F530EAFD1EB5B85AAC80D59B35FF549","男","1961","大学本科","企业/公司管理者","3001～5000元","四川","成都","城市"
"4EB19712261FFD2954BE01AFF5F09382","男","1978","大专","专业技术人员","5001～8000元","天津","南开","城市"
"9990EF573A759FA23F1AE2B3227A6C00","女","1989","大学本科","学生","无收入","浙江","湖州","乡村"
"82A0F500444CD7CB6FA51474316B0008","女","1989","大学本科","学生","无收入","湖北","武汉","城市"
"EED4FEC083B15B77488B073183CE5070","女","1980","硕士及以上","企业/公司管理者","5001～8000元","安徽","合肥","城市"
"DFB4FBD985069D386D51003DFA998073","女","1982","大学本科","企业/公司一般职员","3001～5000元","北京","丰台","城市"
"CBA230D56439DD8195C088BF5703D6CE","男","1973","大学本科","党政机关事业单位一般职员","1001～1500元","湖南","娄底","城市"
"E59DAC67FDD9B7133F48041D66AC8EF9","女","1981","大专","党政机关事业单位一般职员","2001～3000元","浙江","宁波","城市"
"D430446D49C9D4CE704BDA0C1278DCFA","女","1990","大专","企业/公司一般职员","2001～3000元","福建","福州","城市"
"7B66DB56F9B88B1EC657D4914077308A","男","1981","高中/中专/技校","产业、服务业工人","3001～5000元","河南","平顶山","城市"
"8BCC477DC1EC876F90FE4B29506098F6","男","1969","高中/中专/技校","企业/公司一般职员","3001～5000元","河北","石家庄","城市"
"19EE48F85A318C184E23E0D0B2A9A503","女","1992","高中/中专/技校","学生","无收入","广东","惠州","城市"
"407C21AA10954996492E868F4D480141","男","1990","大专","学生","1501～2000元","陕西","宝鸡","城市"
"DAC3F3B25744C36F9CFEAB895F513893","男","1977","高中/中专/技校","专业技术人员","1501～2000元","广东","茂名","城市"
"EE686C81D7B16D3EEC718B6C21716D6B","男","1972","大专","个体户/自由职业者","5001～8000元","山东","济南","unknown"
"BB54F87E6E4EA03DF7742E6C9829C995","女","1993","大学本科","学生","无收入","江苏","南通","乡村"
"44A215D7FD65BB25A5EBE7438A4C956D","男","1977","大学本科","党政机关事业单位领导干部","3001～5000元","黑龙江","大庆","unknown"
"6DCA3AC433C86AF9833517FFDCEFF306","男","1975","大学本科","专业技术人员","3001～5000元","广东","江门","城市"
"B3FAC2E77EDAEA99917ED8EC0CA0FD62","男","1976","大专","专业技术人员","3001～5000元","四川","成都","乡村"
"48910E381339493B130C67EB1761B24D","男","1967","大学本科","专业技术人员","3001～5000元","江苏","无锡","城市"
"D6FA7DEAD1F40EA9FFA2AF0A8C71102B","男","1971","大专","其他","501～1000元","陕西","西安","城市"
"58398A58FE17268650C00E566CA864E4","男","1982","大学本科","企业/公司一般职员","2001～3000元","山东","烟台","unknown"
"6CE750D86E08344760CCC16B9DA245D1","女","1979","大学本科","专业技术人员","3001～5000元","江苏","南京","unknown"
"639904F3E4E3027D2456247B1E9114A4","男","1975","高中/中专/技校","专业技术人员","2001～3000元","贵州","六盘水","unknown"
"732F538D81D978111CD2A1DA53E22132","男","1955","大专","专业技术人员","2001～3000元","上海","静安","unknown"
"464D27F3DF89EC9C61764DE47C11A085","男","1963","大学本科","党政机关事业单位领导干部","3001～5000元","山东","济南","城市"
"6201C922E8D555B6DF2F304A93A1903B","男","1989","大学本科","学生","无收入","内蒙古","包头","乡村"
"D68B58E346DF590C69399CFAFB53BB15","男","1986","大学本科","企业/公司一般职员","2001～3000元","山东","东营","城市"
"067FC9C8D8D15B80CA775A1D9433CB48","男","1970","大专","个体户/自由职业者","3001～5000元","上海","普陀","unknown"
"81B54C82962EC11E2A7A4914479FFFA8","男","1973","大专","党政机关事业单位领导干部","2001～3000元","安徽","淮北","城市"
"FB142C7B92162694D5BF58DDD947A215","男","1983","大专","个体户/自由职业者","500元及以下","河南","新乡","乡村"
"8C4551619D8943467291689CE5DECAF1","男","1990","大学本科","学生","无收入","福建","福州","城郊"
"CFBDD53427ADAC998E0DD01F9C000B4D","男","1990","高中/中专/技校","其他","1001～1500元","广东","湛江","乡村"
"55024DA0830610FB12B8F4B13975C383","男","1989","高中/中专/技校","农民","无收入","山东","淄博","城郊"
"B578D67545784CCA79B303C902EBD2CE","男","1983","大专","企业/公司一般职员","1001～1500元","四川","自贡","城市"
"E88C5ABBABF141D07E5676432ABBC344","男","1968","硕士及以上","党政机关事业单位一般职员","3001～5000元","河南","郑州","城市"
"7A93F62A4F18F7D9EC126899F4EE79A8","男","1981","大专","企业/公司管理者","3001～5000元","北京","西城","城市"
"5F94D24F06287DEECCBCA9CB6D1B4416","女","1987","硕士及以上","学生","500元及以下","北京","海淀","城市"
"6DD03DBED0971C0708B3060467F8E857","女","1987","大学本科","企业/公司一般职员","2001～3000元","北京","大兴","乡村"
"BDDBADE7AC05C448AFF6AF4B38134EFC","男","1975","大专","企业/公司一般职员","2001～3000元","山西","太原","城市"
"E7F198649A1F41A063E5CE7B1F1A85ED","男","1979","高中/中专/技校","党政机关事业单位一般职员","1501～2000元","河北","石家庄","unknown"
"E828C76897E1A3D1291899493FBFEDD4","男","1968","大专","专业技术人员","3001～5000元","福建","厦门","城市"
"2ABC877EE92A4ECEAD6D3B64A2E44D92","男","1964","大学本科","党政机关事业单位一般职员","3001～5000元","宁夏","固原","unknown"
"626FD5AB9FF4B8FE8DB20EF5C9FD2C11","男","1991","大学本科","学生","无收入","河南","鹤壁","城市"
"06329D6F99A22DD5B296988E9F716422","男","1982","硕士及以上","党政机关事业单位一般职员","3001～5000元","湖北","武汉","城市"
"2DC3448BE376C800FE326EC1D13DEBC0","男","1945","大学本科","专业技术人员","2001～3000元","河北","石家庄","城市"
"7707E3BF977064CCE661497B3FAE2A27","男","1981","大专","专业技术人员","3001～5000元","福建","福州","unknown"
"3092158BE771C3F46DD0E4EAB00334A6","男","1961","大学本科","党政机关事业单位一般职员","3001～5000元","山东","菏泽","unknown"
"D0CC7EF0476547C9D13F8108D63C3ABC","女","1990","大学本科","学生","500元及以下","黑龙江","哈尔滨","城市"
"6E994AA847EB4B226AB9A91E0EAC97C7","男","1989","大专","企业/公司一般职员","2001～3000元","浙江","金华","城市"
"D6913C611706FD5BDE6A11CE9C5F19E8","女","1976","大专","个体户/自由职业者","3001～5000元","浙江","杭州","城市"
"7FB1144F071960756AD9F67641E51E6F","男","1991","大学本科","学生","无收入","山东","东营","城市"
"E09287E09C8A4298F87F2E5A01283293","男","1991","大专","专业技术人员","3001～5000元","广东","广州","城市"
"11B708D3925491F95B44F51E0A70CDD4","男","1976","大专","党政机关事业单位一般职员","3001～5000元","湖北","十堰","unknown"
"70EE1820BEB4925C0FBAE830DE110803","男","1990","大学本科","学生","无收入","山东","青岛","乡村"
"A049F1350E0DA58F268D984600BC6356","男","1965","硕士及以上","企业/公司管理者","8001～12000元","江苏","淮安","unknown"
"98D44A333982399A504E42F72B606011","男","1988","大专","专业技术人员","2001～3000元","重庆","九龙坡","unknown"
"383058C90D19B8A47700360EE9739457","男","2004","初中","学生","无收入","上海","徐汇","城市"
"E23773C4C5AF343418C6157FAAEEBBF8","男","1997","初中","学生","无收入","江苏","常州","乡村"
"1ABCBA225075217797F05AD81BDB802E","女","1973","大专","企业/公司管理者","12000元以上","广东","广州","乡村"
"29A42462F5476AF6FF61DC2510D5C1DF","男","1992","大学本科","学生","无收入","山东","滨州","城市"
"548A60A542E12AB479BE09C307013075","男","1988","高中/中专/技校","学生","1501～2000元","浙江","杭州","城市"
"5549296C427E5A20287146640A310613","男","1966","大专","企业/公司管理者","12000元以上","江苏","盐城","unknown"
"DD2EC1AC6B08714F46ECE8A14A02B945","男","1980","大专","企业/公司一般职员","8001～12000元","北京","海淀","城市"
"264C064D3CF70DDAEDECF419C6A29A73","男","1982","大专","企业/公司一般职员","2001～3000元","广东","广州","城市"
"FC3E30656280F28499E85F0E48087DB3","男","1986","大学本科","企业/公司一般职员","2001～3000元","河南","郑州","城市"
"CE73B402195EBEC32E9631AC020EC7C4","男","1966","大学本科","企业/公司管理者","2001～3000元","河南","洛阳","城市"
"83DD06381BA6A2C4B19BA46929D7E62B","男","1986","大学本科","企业/公司一般职员","2001～3000元","上海","徐汇","城市"
"C4FCF0E8C8EBEE761088BF990C347463","男","1996","初中","学生","无收入","河南","洛阳","unknown"
"783FF231074C0D519555780DDC1168B6","男","1992","初中","其他","3001～5000元","河南","南阳","乡村"
"3DA7A050AACEAE135CB145527C29A6A4","男","1979","大专","其他","1001～1500元","河北","石家庄","城市"
"DFF4436B09F3B25B37B0317B56F72113","男","1980","大学本科","专业技术人员","5001～8000元","北京","朝阳","城市"
"3F14746EBCD7CB00195B533200F5A1EB","男","1984","大学本科","其他","2001～3000元","四川","成都","城市"
"DCD991328EFDC05F71C4CC26D747ABB0","女","1983","大学本科","其他","1001～1500元","河南","新乡","城市"
"65EAA36A536E484A25C6168D9EA8639D","男","1979","大学本科","企业/公司管理者","5001～8000元","广东","深圳","unknown"
"AC77BEA9BEB6A8A7B84E2ACE53FCFB91","男","1977","大学本科","企业/公司一般职员","2001～3000元","四川","广安","城市"
"A64AD6458992A8B02703A5D11C76C339","男","1969","大专","个体户/自由职业者","2001～3000元","湖南","长沙","城市"
"B411A943D149BABC5560BB995271B176","男","1984","大学本科","企业/公司管理者","3001～5000元","广东","广州","unknown"
"E95F9A2A1153335CF914E721FF7452DF","男","1989","大学本科","企业/公司一般职员","3001～5000元","河南","开封","城市"
"14BD9E453F46E31D3373FB447FCE2D10","男","1995","高中/中专/技校","个体户/自由职业者","2001～3000元","河北","廊坊","unknown"
"A054EF59F502A7FC072A1A8B88192445","男","1976","大学本科","党政机关事业单位一般职员","2001～3000元","江西","上饶","城市"
"DBF66A7F1A9E53A4A026C1AFA35CC261","男","1960","高中/中专/技校","企业/公司管理者","8001～12000元","湖南","长沙","unknown"
"4A9A37B094B67479B712CCD3AE824993","男","1997","初中","学生","无收入","浙江","宁波","城市"
"AFAF85560912E87C36C3535BE0DB6578","男","1978","大专","产业、服务业工人","501～1000元","湖南","长沙","乡村"
"F052E133BB46062A903E610CCA88D11B","男","1966","大学本科","党政机关事业单位领导干部","3001～5000元","浙江","绍兴","unknown"
"71B529C2234AC229A8545E359B9D43BB","女","1982","大学本科","企业/公司一般职员","2001～3000元","江苏","南通","城市"
"193BE7338B12F7BA897950EC31459A01","男","1991","大专","学生","无收入","湖南","长沙","城市"
"23D0B0CD4A3205A7A59519AD28499164","男","1952","初中","退休","1501～2000元","福建","厦门","unknown"
"EC5EBA818653621442AD08E7BFCA94FA","女","1981","大学本科","党政机关事业单位一般职员","2001～3000元","江苏","南京","城市"
"F603976E1EE9027E98F0249DA104DD39","男","1968","大学本科","专业技术人员","5001～8000元","河南","焦作","城市"
"7DE6C18D0D9B3E570FDCA7A6E36AEE70","男","1974","大专","个体户/自由职业者","12000元以上","江苏","南京","unknown"
"5FA702CBD9C8F726D0C88B859FE735EA","男","1975","大学本科","企业/公司管理者","5001～8000元","内蒙古","鄂尔多斯","城市"
"B250EF7D64D581C4466990A47421967B","男","1988","大专","专业技术人员","1001～1500元","安徽","淮北","城市"
"A20EFC58005D515EE23DBA16B2F1E3FA","男","1985","大学本科","企业/公司管理者","5001～8000元","江苏","无锡","乡村"
"4CBA64E825A81C8CD4F7FDD063719AA8","男","1984","大学本科","企业/公司管理者","12000元以上","上海","虹口","城市"
"6BA997C3A63786ABA415177A743A5E55","女","1984","大专","其他","1501～2000元","广东","汕头","城市"
"F0AFFF5DE1ACA32B1E3E3A4FB6057FDB","男","1961","大专","企业/公司管理者","3001～5000元","黑龙江","哈尔滨","城市"
"B424358D2A78F60ADBCF11B4AA09FAAB","男","1966","大专","党政机关事业单位一般职员","2001～3000元","吉林","白山","城市"
"52E55C6BB298C160E67A2D88E7C79092","男","1978","大学本科","个体户/自由职业者","2001～3000元","江苏","常州","城郊"
"8720A8D157FA74E2F1D9EC27721C8673","男","1982","大专","个体户/自由职业者","2001～3000元","广东","东莞","unknown"
"AA8DE4E1EAA4974ED8E8B652D5E2934A","男","1976","大学本科","个体户/自由职业者","5001～8000元","广东","广州","unknown"
"10C8583720D295D8D19759F1B5A5F06A","男","1989","硕士及以上","学生","500元及以下","北京","海淀","城市"
"4543B31C3757913207F9DF5E6D3C1786","男","1982","大学本科","企业/公司一般职员","8001～12000元","广东","深圳","城市"
"0A606A2554F72B28D3A7934D6BAF522B","女","2001","大专","党政机关事业单位一般职员","5001～8000元","广东","广州","乡村"
"D8B043DD00E98C11BC8ED392A65D3E54","男","1972","高中/中专/技校","个体户/自由职业者","1501～2000元","湖北","襄樊","城市"
"E8B3DACC4B03C0C6942FF6DA2B257882","男","1950","初中","企业/公司管理者","3001～5000元","浙江","宁波","unknown"
"851EED6EF687824406F8F056CA3545B3","男","1989","大学本科","学生","无收入","湖北","武汉","城市"
"CE45E49B69141302D440063E827FA33F","男","1970","大学本科","党政机关事业单位领导干部","3001～5000元","山东","德州","城市"
"E15910528DD74AB1A7902D2AFB212508","男","1988","大专","企业/公司管理者","5001～8000元","山西","太原","unknown"
"8D43E0B2060656BE1338D526BDD33A23","男","1991","大专","学生","无收入","上海","浦东","城市"
"0C6BA76CAC5C657DF3A00CF623068CCE","男","1984","初中","产业、服务业工人","3001～5000元","安徽","蚌埠","城郊"
"5E5D04E81D9394F5B446F4A80782B77F","男","1979","大专","企业/公司一般职员","2001～3000元","浙江","金华","城市"
"FE8DA6EA3615C23E7B24002C012EC96E","女","1988","高中/中专/技校","个体户/自由职业者","2001～3000元","广西","北海","unknown"
"32F3668CC4416784AB4F4C5859E34333","男","1963","大学本科","个体户/自由职业者","5001～8000元","天津","河西","城市"
"199E846A768605D4DE62740FF4759479","男","1963","大学本科","企业/公司管理者","8001～12000元","江苏","无锡","城市"
"85BE028C072B9C9FC013064A1319D3E1","男","1971","高中/中专/技校","企业/公司一般职员","1001～1500元","河北","沧州","城市"
"4DE15C6C9B057B8451A84E2BFD7B63DF","男","1978","大专","企业/公司管理者","3001～5000元","江苏","苏州","城市"
"D7D8D83500D0DE73A5E91939A5432C6E","男","1983","大学本科","党政机关事业单位一般职员","3001～5000元","湖南","邵阳","城市"
"AF00E86D6D974891A6AE65A18052A58C","男","1984","高中/中专/技校","产业、服务业工人","3001～5000元","内蒙古","包头","unknown"
"107D91560F0FC17E55448AB45C251264","男","1990","大专","学生","无收入","广东","佛山","乡村"
"9A7BB47E1D948B0B750EFDC92D528A4C","男","1992","初中","个体户/自由职业者","2001～3000元","广西","北海","城市"
"2E32ABD9B99D80F62267ED7340AFF126","男","1982","大学本科","企业/公司管理者","3001～5000元","江西","宜春","城市"
"ECE44895591BADE529B5D38F570AA2C9","男","1985","初中","个体户/自由职业者","1501～2000元","广西","河池","城市"
"20B0B483DAEA9D8BF1B8DCBE2B37B3E8","男","1987","大专","企业/公司一般职员","2001～3000元","浙江","绍兴","城市"
"A9DB87AC1C04F2F51973FF446DE9ACAE","男","1980","大专","个体户/自由职业者","3001～5000元","湖南","益阳","乡村"
"5ECDFE9829AEA1436AC976F017F25263","男","1972","高中/中专/技校","企业/公司管理者","5001～8000元","浙江","宁波","城郊"
"9C4EE3FA6E2E0986ADFDC7FE17F1BFAF","男","1974","大学本科","企业/公司一般职员","3001～5000元","河北","邯郸","unknown"
"1412AA6BA8BF125A21BB8653AC890B39","男","1961","大学本科","党政机关事业单位一般职员","8001～12000元","浙江","丽水","城市"
"F4D4AAA6D223D2B84647A8D3DE465AE0","男","1971","硕士及以上","专业技术人员","8001～12000元","广东","广州","城市"
"21574342601F02E33C9DB0C8C830889C","男","1979","高中/中专/技校","产业、服务业工人","2001～3000元","湖北","随州","unknown"
"CB4A064C3CD412A08579F83572312739","男","1987","大学本科","专业技术人员","3001～5000元","上海","长宁","城市"
"4C1267CBE00191EA605DDD7747C76F85","男","1984","高中/中专/技校","专业技术人员","2001～3000元","福建","龙岩","乡村"
"7BF22DE5999473BBEAC941E9CC7395AB","男","1984","高中/中专/技校","学生","无收入","甘肃","临夏","城市"
"28F0D17D869C41074965E25EF4DDB4CC","男","1989","大学本科","学生","无收入","山东","青岛","城市"
"7CE2492D1BD24D01995A9FAC692D588D","男","1991","大学本科","学生","无收入","重庆","沙坪坝","城市"
"99A9DD385595AEDA836A0198C5F4A359","男","1979","大学本科","党政机关事业单位领导干部","3001～5000元","四川","攀枝花","乡村"
"3D71EE1871299A8E198B59202A4C968F","男","1994","高中/中专/技校","学生","无收入","江西","九江","城市"
"90D9E67D0AC8BD21AB4FEF68E964259B","男","1978","大专","企业/公司一般职员","5001～8000元","浙江","衢州","城市"
"BF9C061111A19DB4842C10322C032EE0","男","1980","大专","个体户/自由职业者","12000元以上","广东","广州","乡村"
"A2FBCCA3F9DBF3312E99152C71703E30","男","1986","大学本科","专业技术人员","3001～5000元","上海","黄浦","城市"
"36242B19CD1F4D8B81438451D56884E4","男","1986","大专","企业/公司管理者","3001～5000元","上海","青浦","城市"
"4363F0B917E9B0B8A300F21EC6AA0156","女","1992","高中/中专/技校","企业/公司一般职员","2001～3000元","上海","浦东","城市"
"0496990FDBBC5B49DF47D934CFF28CFB","男","1987","大专","企业/公司一般职员","3001～5000元","福建","厦门","城市"
"C26B71DF4058647C4F48ECB26E9ACD7F","男","1993","高中/中专/技校","个体户/自由职业者","1001～1500元","山西","太原","城市"
"3ACB0D3159626C636D9BC63F42276DF1","男","1968","高中/中专/技校","无业、下岗、失业","501～1000元","广西","贵港","城市"
"1D5FC27F854F8D11E8F845700BE30BB4","男","1990","高中/中专/技校","产业、服务业工人","1501～2000元","上海","松江","城市"
"CCF1E94CD4E4158228837A7D86B0D89B","男","1986","大专","企业/公司一般职员","2001～3000元","山东","潍坊","城市"
"ED203B20B6013AE6F476EE38570E6142","男","1983","大学本科","企业/公司一般职员","2001～3000元","江苏","苏州","城郊"
"7F90BB972E908605F2BF3A74FAEBC1E1","男","1996","高中/中专/技校","学生","500元及以下","陕西","汉中","城市"
"233C7DF096EED6D5B1194F1CAEFC91B8","男","1971","大专","专业技术人员","5001～8000元","广东","中山","城市"
"4EB472999C68B446A48AF52005B18850","男","1975","大学本科","专业技术人员","1501～2000元","广东","湛江","城郊"
"AA6FAC074429E209AFD20EB60BD65E4E","男","1985","大学本科","企业/公司一般职员","3001～5000元","广东","深圳","unknown"
"8C048326E93A94589190693897CE3456","男","1978","大专","企业/公司管理者","12000元以上","福建","龙岩","城市"
"54D739DC4B5A1F2B2EE2534663248F3E","女","1970","大学本科","企业/公司一般职员","3001～5000元","福建","泉州","unknown"
"B75F58301305183B958BF0488A88ADD8","男","1987","初中","专业技术人员","3001～5000元","山东","济宁","城市"
"3EF5EB5C55FF9FC25863F98E7015D0BF","男","1991","大专","学生","无收入","湖北","武汉","城市"
"FBC5E40E32EDD9933BAC2BE58C092B05","男","1988","大学本科","企业/公司一般职员","3001～5000元","江苏","苏州","城市"
"0825DF17932DDAC75AD58D0AD5339AA0","男","1984","高中/中专/技校","专业技术人员","3001～5000元","山东","青岛","乡村"
"AC47F083C76F555EC4CCF0F9C4A4CD4B","女","1981","大专","专业技术人员","5001～8000元","北京","朝阳","城市"
"2D3684D438E29A50D1018842B810BE47","男","1983","高中/中专/技校","其他","3001～5000元","浙江","杭州","城市"
"F4E81F5E817FB5E41D3EFFA39F4E42F7","男","1986","初中","专业技术人员","501～1000元","福建","泉州","城市"
"E93A2723A594E1402A3F6A1A8413A3C1","男","1991","大专","学生","无收入","安徽","滁州","城市"
"82AC378D6F7BB83500EE05883B45036C","男","1967","大学本科","专业技术人员","3001～5000元","北京","丰台","城市"
"512B2EB5FE85CCC30C9B51A9AAA1AC95","男","1990","大专","学生","1001～1500元","河南","郑州","乡村"
"0962B4B9495C7D5510D4B9F9E2E866FB","男","1985","初中","个体户/自由职业者","3001～5000元","广东","汕头","乡村"
"D6DFCE7913B2BB8F8454F48FBD0DD50A","男","1968","高中/中专/技校","专业技术人员","3001～5000元","湖北","咸宁","城市"
"36BED49F1ED8E743CC1FEAE499AF00CC","男","1989","大学本科","专业技术人员","1501～2000元","湖南","长沙","城市"
"09F23BBBE89A46C9A916761D917B9890","男","1995","高中/中专/技校","学生","2001～3000元","山东","德州","城市"
"563D0605A25C4DFE14A6F4721B56389B","男","1983","大专","企业/公司一般职员","3001～5000元","辽宁","大连","城市"
"A8088CB8A6E1122679942B591AA156DE","男","1977","大学本科","个体户/自由职业者","5001～8000元","山东","青岛","城市"
"3F8E09FF4901FEC0DC29C00F4E3A2866","男","1980","大专","企业/公司管理者","3001～5000元","广东","深圳","乡村"
"5BD5D5A91B78EBC4CAE91D51C896E66C","男","1981","高中/中专/技校","专业技术人员","3001～5000元","广东","深圳","城市"
"391DC0885960B6F3373AC26ACAAC1D34","男","1985","大专","企业/公司一般职员","2001～3000元","天津","南开","城市"
"17E09AFFE6DBB04FFB228799B320B7BC","男","1982","初中","企业/公司管理者","2001～3000元","广东","汕头","unknown"
"3B7ECFC29D6C4C36C907C1714074737E","男","1968","高中/中专/技校","个体户/自由职业者","3001～5000元","山东","青岛","城市"
"E8F650196A2927CE482957A51AB4DDD7","男","1997","初中","学生","无收入","天津","南开","城市"
"0AE734DB17C8BF9C3836A70572055808","男","1982","大学本科","企业/公司一般职员","3001～5000元","重庆","渝北","unknown"
"5541A8EEBC13210552E00A14E9715CFC","男","1963","高中/中专/技校","无业、下岗、失业","无收入","北京","大兴","城郊"
"16FDB90B36120A5EC2C7F8CC553DB3BD","男","1984","大学本科","专业技术人员","5001～8000元","四川","成都","城市"
"65AD16CFC9E475ACD768E06B3633FC9F","男","1981","大学本科","专业技术人员","2001～3000元","湖北","武汉","城市"
"B51C55F20502F593C41D78A06545F879","男","1989","大学本科","学生","无收入","江苏","宿迁","城市"
"057D26FB81F8413B2767431F69DB36C7","男","1985","大专","企业/公司一般职员","2001～3000元","海南","海口","城市"
"A19719F343B5E746D2B73DF845926B9A","男","1990","大学本科","学生","无收入","福建","福州","城市"
"D842E2E37E654F5FD14112C07BA4061C","男","1971","大专","企业/公司管理者","1501～2000元","甘肃","兰州","城市"
"3670758FD9643B95B416ED1D2427F3F4","男","1980","大专","产业、服务业工人","5001～8000元","上海","普陀","城市"
"6DDB3095176D0EBB8D4F0688C33CE5AB","男","1981","高中/中专/技校","个体户/自由职业者","3001～5000元","河北","保定","乡村"
"EC50F911B46A23D635717B3C3AEF6268","男","1982","大专","企业/公司一般职员","1001～1500元","天津","南开","城市"
"FB5E591BAFD9F645B9D1B96EE6ED6A44","男","1988","大学本科","党政机关事业单位一般职员","1501～2000元","福建","福州","城市"
"4AC3A0CB07EF5EE6FB8550D6F15DEF9D","男","1996","初中","学生","500元及以下","河南","郑州","城郊"
"2739EAC4125DBF51326BBB5EBB6D2B91","男","1974","大学本科","企业/公司一般职员","5001～8000元","广西","南宁","城市"
"A4D0BABDC82A261929B23A00BCDD2017","男","1988","大学本科","企业/公司一般职员","3001～5000元","浙江","杭州","城市"
"99BFDBE657AC81470256210593973290","男","1973","大学本科","产业、服务业工人","2001～3000元","河北","石家庄","城市"
"BBCA3CF982125E4E78896812BF3B62F9","女","1982","高中/中专/技校","其他","2001～3000元","浙江","杭州","城市"
"CC2C488363A59B75143CA2161518615C","男","1987","大专","专业技术人员","2001～3000元","天津","河东","城市"
"956ECB5CDF6639ADC0EC70DF115219C7","男","1992","高中/中专/技校","企业/公司一般职员","1501～2000元","浙江","嘉兴","城市"
"C66FF555191162273BB4DAD64FACBFAD","男","1982","初中","企业/公司一般职员","501～1000元","四川","宜宾","乡村"
"4E670C448BA491995E6561BF293B95E9","男","1984","大学本科","产业、服务业工人","2001～3000元","辽宁","沈阳","城市"
"80076A990B1B4667C5DDABCDF60A143F","男","1990","大学本科","学生","无收入","山东","济宁","城市"
"19F15158997A80A810EE78E6F0CABB46","女","1988","硕士及以上","学生","500元及以下","江苏","南京","unknown"
"6F53F060CC93BCD94F630C126DDD45CE","男","1969","大专","个体户/自由职业者","2001～3000元","山东","德州","城市"
"22C94646F596070869809AA214121B14","男","1988","大专","其他","8001～12000元","山东","青岛","城市"
"E40F32663745DD5EAD597B9AC49D58E6","女","1989","高中/中专/技校","专业技术人员","3001～5000元","湖北","武汉","城市"
"C7013ACDB3B7B648F72402649C4CA8EC","男","1981","大专","企业/公司管理者","12000元以上","江苏","南通","城市"
"0B9205B65DE6BAF09AE4AA49F37011A1","男","1984","大学本科","个体户/自由职业者","3001～5000元","辽宁","沈阳","城市"
"2D8C756F99E7C67C36AE8C64F4F3526E","男","1987","初中","农村外出务工人员","2001～3000元","广东","阳江","城市"
"7260F60C6B184337F1E945B866041D9D","男","1985","大专","企业/公司管理者","2001～3000元","甘肃","兰州","城市"
"4A1287951D166686D902806E55BC06A3","男","1984","大学本科","其他","1501～2000元","广东","佛山","unknown"
"B59F16D4C4BCA2592DF9B3890FE8C375","男","1978","大专","企业/公司管理者","3001～5000元","福建","泉州","城郊"
"A2ADE5F95F7505FFF7EA4AFC834AA9D1","女","1987","大学本科","企业/公司一般职员","1501～2000元","辽宁","沈阳","城市"
"AB1D1A45D321372031ED24FD3971314C","男","1979","大学本科","专业技术人员","3001～5000元","江苏","苏州","城市"
"1333A1E0AE8EBF038B4C81FC04F1B896","女","1972","大专","专业技术人员","5001～8000元","黑龙江","哈尔滨","城市"
"9DA7359AA3B545B1E5BB8F1B33F12DC6","女","1981","大学本科","企业/公司管理者","3001～5000元","江苏","南通","城市"
"35E9D703C2C7F29FE241E3072FAE11FB","男","1978","高中/中专/技校","个体户/自由职业者","3001～5000元","广东","揭阳","unknown"
"9194D7F7F476CA49BF8C0509342F69B4","男","1984","硕士及以上","专业技术人员","5001～8000元","浙江","杭州","城市"
"685646FC52A768DB89526421EE308120","男","1986","大学本科","企业/公司管理者","3001～5000元","云南","楚雄","城市"
"D1184DC277F8A6245E05AB04B878597C","男","1993","高中/中专/技校","学生","1001～1500元","江苏","常州","乡村"
"7E884481E3FF17549B139FC125E03BF4","男","1974","高中/中专/技校","个体户/自由职业者","2001～3000元","江西","新余","城市"
"BB9E2970915198AA48D804DE2E8364DC","女","1990","大学本科","学生","无收入","吉林","长春","城市"
"A894880DC0896ED5C8040D1957C067BD","男","1995","大专","学生","无收入","江苏","苏州","城市"
"3B10E2D3F71EBB8E6FAE9E951A36EB68","女","1984","硕士及以上","专业技术人员","3001～5000元","贵州","贵阳","城市"
"52886A1A777AA4D57E283E4257252C70","男","1983","硕士及以上","专业技术人员","5001～8000元","天津","北辰","城市"
"56F72EAC201AD7C7DFB095F6B7A79957","男","1991","大学本科","学生","500元及以下","福建","福州","乡村"
"8831080C91DD4AAC058DBC02296BC42E","男","1989","大学本科","学生","1001～1500元","广东","湛江","乡村"
"03E7A57A54E58BEC81CCD69D8239583B","男","1958","大专","党政机关事业单位一般职员","3001～5000元","山东","泰安","城市"
"5B5BF175EB1D47851970F1144013BFEB","女","1968","大专","专业技术人员","1001～1500元","山西","阳泉","城市"
"5235F75CEB817F4E24229AE93D4BCB6F","男","1963","大专","个体户/自由职业者","3001～5000元","天津","南开","城市"
"074AC99B8EB791C444E70D63CD55EB10","女","1988","大专","企业/公司一般职员","1501～2000元","辽宁","盘锦","城市"
"7EF1102132EB53CF2C60A5F2F58A7065","男","1980","高中/中专/技校","专业技术人员","2001～3000元","浙江","温州","城市"
"E467A117D5547F3C13369F642C989F17","男","1987","大学本科","专业技术人员","2001～3000元","甘肃","张掖","城市"
"6DDEB7D92E7C776780FD6D27C692B31D","女","1977","大专","其他","2001～3000元","浙江","台州","乡村"
"A341B7D697612FF49D127011BF284B04","男","1985","大专","专业技术人员","1501～2000元","天津","河北","城市"
"09E89F345161E239DAE87EAEE5C28262","男","1988","大学本科","党政机关事业单位领导干部","2001～3000元","贵州","安顺","城市"
"D7B4E462A36743E236F46DDABF2004A3","女","1992","高中/中专/技校","产业、服务业工人","1001～1500元","山东","济南","乡村"
"856573DD843A6AF9EBA64EBB7F43CE0C","男","1985","高中/中专/技校","学生","无收入","江西","南昌","城市"
"06E9A101B77B2DAEBE8E57420B7E683E","男","1997","初中","学生","无收入","浙江","嘉兴","城郊"
"E4169C9E6B4A071721DB01DB9F17CBC8","男","1987","大专","企业/公司一般职员","2001～3000元","内蒙古","鄂尔多斯","城市"
"77A606F0BBCB268BBEF486B900D5F55B","男","1980","大专","专业技术人员","2001～3000元","北京","通州","城市"
"3E669C677CD12CC8FD14AB93130C2EA6","女","1979","硕士及以上","专业技术人员","8001～12000元","上海","长宁","城市"
"4142EAE1B47DB13CA84E8FABE9EC7CF1","男","1984","初中","个体户/自由职业者","5001～8000元","福建","泉州","乡村"
"F972A7369E7BF42FFF0D7D38E90AB465","男","2000","小学及以下","学生","无收入","广东","惠州","城市"
"E30E364D43D66AE409EA91F98D7C03A8","男","1977","高中/中专/技校","企业/公司一般职员","2001～3000元","山东","淄博","城市"
"871F4205ACDE615D2682068802CEE610","男","1972","大学本科","其他","1501～2000元","上海","闵行","城市"
"0F3F1805B122C936ECDAEC2CB44A6C2C","男","1979","高中/中专/技校","个体户/自由职业者","1501～2000元","天津","大港","城郊"
"051832EC14FEA9898238C9D6C58F0A46","男","1971","大学本科","企业/公司管理者","8001～12000元","江西","九江","unknown"
"2AC9E5C77E7A1679E05ACA106EA9AF01","男","1983","高中/中专/技校","专业技术人员","2001～3000元","天津","河东","城市"
"F2E454EBE804DB692E8FD44475FD277F","女","1977","高中/中专/技校","专业技术人员","1001～1500元","陕西","汉中","乡村"
"CA9BA73E464F111E3CFA133439FF4543","男","1985","高中/中专/技校","专业技术人员","2001～3000元","浙江","杭州","城市"
"73D360A4E21B12D4E34C4EB95278A8FF","男","1973","高中/中专/技校","企业/公司一般职员","2001～3000元","北京","海淀","城市"
"42DBDC0A5DAFB2B8A1D5BB0682A2E681","女","1986","大专","企业/公司一般职员","1001～1500元","河北","石家庄","unknown"
"A129CA409D33553E32E487816789FF85","男","1992","高中/中专/技校","学生","无收入","广东","汕头","乡村"
"6ACB793070181D8C935F22D53F4966C1","男","1984","大专","企业/公司管理者","3001～5000元","广西","钦州","城市"
"0BDC3FCAC2A4644136F73E5F79CA9F72","女","1993","大学本科","学生","无收入","北京","海淀","城市"
"B72AA990DA6A142DEB8F54E20FDEA529","男","1972","大专","产业、服务业工人","2001～3000元","湖南","岳阳","城市"
"F59B48D635441A99806E3E4871FAC001","男","1981","高中/中专/技校","党政机关事业单位一般职员","1001～1500元","广东","佛山","乡村"
"E4CC21C68ED883637F4EE5B0F3270E4B","男","1991","大学本科","学生","501～1000元","广东","广州","城郊"
"59A269727A37DCE8FE1401B4BEBE2B8B","男","1985","高中/中专/技校","个体户/自由职业者","3001～5000元","湖北","黄石","乡村"
"D365DB3E2116E1E23E2E02F0A10D14C9","女","1979","高中/中专/技校","企业/公司一般职员","2001～3000元","上海","虹口","城市"
"EBF698394B2A014E8E097444A7D2CF20","男","1985","高中/中专/技校","企业/公司一般职员","2001～3000元","广东","中山","城市"
"4E3CCEAE60E9D42E778884A0C1B250F0","女","1983","高中/中专/技校","个体户/自由职业者","500元及以下","河南","南阳","乡村"
"74543B9824E4191F1CE752A99E97DE66","男","2006","大专","学生","无收入","北京","密云","unknown"
"DD845A263018A37E1E75FEA93113DEC0","男","1973","大学本科","党政机关事业单位领导干部","8001～12000元","江苏","无锡","城市"
"973DB892FD9A87EBD7C18A7EB5DCD4DB","男","1993","高中/中专/技校","无业、下岗、失业","无收入","浙江","温州","unknown"
"5B5D56C09FDCD31718C2FF5B053CEB90","男","1989","硕士及以上","学生","无收入","广东","广州","城市"
"E146DE01C55AD01CD6D2DB18ED1D7F9B","女","1983","大专","专业技术人员","3001～5000元","浙江","金华","unknown"
"59B4E6D455CADCAA6D0BCBB9655CDC37","男","1977","大学本科","党政机关事业单位领导干部","2001～3000元","湖北","宜昌","城市"
"EFBF41F1A4A31213DA6D403EE176A92A","男","1985","大专","农村外出务工人员","2001～3000元","江西","抚州","unknown"
"9760466D26D920091807993E4CB72D05","女","1982","高中/中专/技校","农村外出务工人员","2001～3000元","湖北","咸宁","unknown"
"0CCDE911559EEC6EA79153D9F628B3CA","男","1985","高中/中专/技校","农村外出务工人员","3001～5000元","湖南","衡阳","城郊"
"E22AB5CCA883EEE60C7EE6F1EF253D21","男","1982","高中/中专/技校","专业技术人员","1501～2000元","江西","景德镇","unknown"
"0A94D2656418519E2B8FA8034257527C","女","1986","初中","专业技术人员","1501～2000元","黑龙江","哈尔滨","unknown"
"D3E27FFB0B2EE88CA4D8DB7ECB9DA96B","女","1983","高中/中专/技校","专业技术人员","1501～2000元","湖北","咸宁","unknown"
"332AC1BD1B359216564007DCB303154A","女","1984","高中/中专/技校","企业/公司一般职员","1501～2000元","湖北","咸宁","unknown"
"9BD83961981CF3DD35FDC755CA5F3CC7","女","1984","初中","党政机关事业单位一般职员","1501～2000元","河北","廊坊","unknown"
"AA7D947C314C7C3ACEBC994CC889DFC3","男","1984","大学本科","企业/公司一般职员","2001～3000元","重庆","渝北","城市"
"694AD858F2D67C23895382680095AB91","男","1962","大专","专业技术人员","2001～3000元","湖南","郴州","城市"
"DF5B2C16CC1614AF41349A777048E6A4","男","1983","高中/中专/技校","个体户/自由职业者","5001～8000元","广东","梅州","城市"
"68C17DD7D8360FC076EDA45B511CC869","女","1990","大专","学生","无收入","广东","佛山","乡村"
"189408F919AE7C1EAF1C1A1226A556E5","女","1985","高中/中专/技校","农村外出务工人员","1501～2000元","福建","漳州","unknown"
"ACCF622A7C0D69044826FCF4295B481B","女","1987","高中/中专/技校","产业、服务业工人","2001～3000元","贵州","毕节","unknown"
"254A89790A4B4E5024DA5165F5AFA1D2","男","1982","高中/中专/技校","个体户/自由职业者","1501～2000元","江西","鹰潭","乡村"
"3A1B41AF5FEE37C3097A22A93284B730","女","1981","大专","企业/公司一般职员","2001～3000元","湖北","黄石","乡村"
"620041E18FD16B50803197EBA4CAB8FE","男","1986","高中/中专/技校","企业/公司一般职员","2001～3000元","浙江","杭州","城市"
"836D811E04458D016BD38F71A928B584","男","1985","大学本科","个体户/自由职业者","5001～8000元","山东","青岛","城市"
"164D796D98E6CAB44FB611B81EB81416","男","1984","大专","企业/公司一般职员","5001～8000元","北京","海淀","城市"
"3467AB71BEEB2BF387F90BF763CB037B","女","1987","大学本科","企业/公司一般职员","1001～1500元","江苏","盐城","unknown"
"D4E08A2D0E3FE344D44EAC3E5A4453B3","男","1988","大学本科","企业/公司管理者","3001～5000元","四川","成都","城市"
"15104CBC0187119D73FF3607BEE514E0","男","1982","大专","个体户/自由职业者","3001～5000元","辽宁","大连","城市"
"0AB6BBBEDFF24EC8BAAC905F45AE314C","男","1988","大学本科","党政机关事业单位一般职员","2001～3000元","辽宁","沈阳","城市"
"B883E6EE0556AD1FFF087BC8561421E8","男","1969","高中/中专/技校","企业/公司一般职员","8001～12000元","江苏","淮安","城市"
"39152763CC5616BA2D8605751EF8C61F","男","1990","高中/中专/技校","无业、下岗、失业","500元及以下","安徽","淮南","unknown"
"3F79B58A4673E36887418C3EB701FB4C","男","1990","大学本科","专业技术人员","5001～8000元","山东","青岛","城市"
"BF487CA3E186551FBCDE6066910C984D","女","1990","高中/中专/技校","其他","1501～2000元","广东","中山","城市"
"E4CBABACB1557F095DE250C0FBCA137D","男","1972","高中/中专/技校","个体户/自由职业者","501～1000元","山东","烟台","城郊"
"48E73BBB6D66598B8057A6162699767D","女","1986","大专","其他","2001～3000元","广东","中山","城郊"
"EDD7CDDFA6CBFB8FF5A40668C2DC69BA","男","1983","大专","企业/公司一般职员","3001～5000元","山东","青岛","城市"
"DBB222F84B90DFA2B6DF6EC0A9011296","男","1986","大学本科","党政机关事业单位一般职员","1501～2000元","河北","邢台","城市"
"ACFF57A7066D923EA10857EEB942B2A6","男","1984","高中/中专/技校","产业、服务业工人","3001～5000元","广东","深圳","城市"
"C6553C8CEB67FE72BE1B1351584970CB","女","1980","大专","无业、下岗、失业","501～1000元","广东","佛山","城市"
"B2ED94FCD7DA7874BBDACA4056D9169F","男","1984","大专","个体户/自由职业者","2001～3000元","内蒙古","包头","城市"
"F612F157E8C63FA59387945BC5B7C0DD","男","1988","硕士及以上","企业/公司一般职员","8001～12000元","江苏","南京","城市"
"BDDCD9AFE02D71F0A384CC19D1A4A217","男","1978","大学本科","党政机关事业单位一般职员","2001～3000元","山东","青岛","城市"
"19CE4D0A68FB1F2064FB965CCF51BE4E","男","1972","大学本科","企业/公司管理者","12000元以上","北京","海淀","城市"
"9A19A3A0DC2DF32FBB0AB8AC51A34E6A","男","1986","大学本科","其他","2001～3000元","山东","济南","城市"
"F20782222B4A21AFF680CA6CBDC4DFBF","女","1980","大专","企业/公司一般职员","1501～2000元","湖北","黄冈","城市"
"A86C89F9A5C7C0970092D9179FADDC5F","女","1986","高中/中专/技校","企业/公司管理者","2001～3000元","河北","邢台","城市"
"0D711B593FC49F2EDCC47FFA5BF2E14D","男","1983","大学本科","个体户/自由职业者","5001～8000元","广东","广州","城市"
"D75CFBF73F17BA86AF07AEA5F85FA038","男","1986","大学本科","党政机关事业单位一般职员","5001～8000元","新疆","乌鲁木齐","城市"
"B29F5A58D950B275A7BD008AB158445D","男","1970","大专","企业/公司管理者","3001～5000元","山东","淄博","unknown"
"13A722ACAD464FCA0E239DDBD7EDF180","男","1985","大专","专业技术人员","5001～8000元","福建","三明","乡村"
"500ED74C4CE50D7D233CCBED2058BF60","女","1984","大专","专业技术人员","3001～5000元","江苏","南京","城市"
"7DF09F31B8E57300F44005CC872F9FC8","男","1985","大专","企业/公司一般职员","3001～5000元","北京","海淀","乡村"
"9AC9B89A90A6F3072B25E9C01F7EB7E6","男","1972","大专","专业技术人员","1501～2000元","河南","焦作","城市"
"23D3D528839B751AAE4370A0B7A38577","男","1988","大专","企业/公司一般职员","2001～3000元","北京","大兴","城市"
"77B96EE56826327DE73DDC754305AEF1","男","1977","大学本科","党政机关事业单位一般职员","3001～5000元","江苏","南通","城市"
"8A7464B0BDCAFE1486F439160B554E51","男","1981","硕士及以上","其他","12000元以上","上海","松江","unknown"
"996189720997C81919C0A7C7D49F8159","女","1987","大专","企业/公司一般职员","1001～1500元","上海","普陀","unknown"
"0D7AAEF9DC7B2DBA37ABE54C165ADC5B","男","1997","初中","学生","无收入","河南","商丘","unknown"
"369443D906A7B48C63DD6FF1056CEDDC","男","1978","大专","农村外出务工人员","1501～2000元","河南","新乡","unknown"
"136A3723F2EE94D16E587F40EA121FC1","男","1978","初中","无业、下岗、失业","8001～12000元","天津","武清","unknown"
"D6CE3C15AF7D25FF772FE6FB1435DCDA","男","1993","高中/中专/技校","学生","1501～2000元","河南","郑州","unknown"
"D59B7C4F21B57DC2C880538F045F5805","男","1987","大学本科","学生","500元及以下","海南","海口","城市"
"5C1C141DA3EECC3E5B9F368D77EAACD1","女","1975","大学本科","企业/公司一般职员","5001～8000元","广东","深圳","城市"
"3A094484C69535E8DB65629E9FC9EC38","女","1970","硕士及以上","党政机关事业单位一般职员","2001～3000元","江苏","南京","城市"
"B98AF5ED93293E7B160BBF7C17EB1DA0","女","1991","大专","学生","无收入","浙江","台州","unknown"
"4757B9130488186753DB8DD7998C7A8A","男","1988","大专","企业/公司管理者","3001～5000元","广东","深圳","unknown"
"596CF6BB9B6746D5945FFF48C91E55A8","男","1970","初中","农民","1001～1500元","江西","上饶","unknown"
"6E70075B5A274190C68C9C1A11DE6A28","男","1979","大学本科","企业/公司一般职员","5001～8000元","湖南","衡阳","城市"
"D1C499EC63B6744395A0B23B76445CF6","女","1983","大专","产业、服务业工人","3001～5000元","贵州","黔西南","unknown"
"FE7EA22A18FFA95E16156F336A7AD50C","女","1988","大专","其他","无收入","江苏","常州","unknown"
"C615636350F535D42D9D9E248988C1CB","女","1991","大专","无业、下岗、失业","500元及以下","广西","梧州","乡村"
"9BBE8338E3FE55E1D23C5FD8CBD27023","男","1985","初中","专业技术人员","1501～2000元","江苏","盐城","unknown"
"B1D2851C53C6808F693F5D3BA5AF05E2","女","1988","高中/中专/技校","专业技术人员","1501～2000元","黑龙江","大兴安岭","unknown"
"E7077D5C81A3CA92BC2ABC0AA6121BF6","女","1981","高中/中专/技校","个体户/自由职业者","1001～1500元","浙江","宁波","城市"
"C512A88325EB5773CCE55F24979245EB","男","1995","高中/中专/技校","学生","无收入","湖南","常德","城郊"
"32DFF5D24F29F1D9490D295D33F439BC","男","1976","大学本科","专业技术人员","1001～1500元","河北","衡水","城郊"
"884DAE77A6EB9EA7B22962B8567BDF98","女","1988","大学本科","专业技术人员","3001～5000元","北京","海淀","城郊"
"D68A20673942D28ECCBDC48C1F736E35","男","1983","大专","专业技术人员","3001～5000元","上海","奉贤","城郊"
"FA1AC129DE91AEDC57855D1176367789","女","1992","大学本科","学生","500元及以下","浙江","嘉兴","城市"
"62D3FBCAAF4DA408C62F7F4791795E8B","女","1991","大学本科","学生","无收入","辽宁","沈阳","乡村"
"E73A79171FA2D9ECC7A5AAEFE8B76337","女","1979","大专","企业/公司一般职员","3001～5000元","上海","虹口","unknown"
"078D31F088D04F0A05AD1F68791F0653","女","1980","大专","党政机关事业单位一般职员","2001～3000元","河北","保定","城市"
"A61D40E38BE9CDAAB30540161AD549C7","男","1981","高中/中专/技校","企业/公司一般职员","2001～3000元","山东","聊城","乡村"
"9781227C7790C264BC59F0361C472A3D","男","1986","硕士及以上","专业技术人员","8001～12000元","黑龙江","哈尔滨","城市"
"83DBF614038B3B96CFC9E92869C0831F","女","1982","大学本科","专业技术人员","8001～12000元","浙江","宁波","城市"
"B23A80DF197394574DB92118637F42B1","女","1989","大专","企业/公司一般职员","2001～3000元","浙江","温州","城市"
"E599BF154D80484D0B8FA0ED98407454","女","1978","大专","专业技术人员","3001～5000元","广东","佛山","unknown"
"0DB6071F9197B0F98B4159ABA4AA5E43","男","1978","大专","企业/公司一般职员","3001～5000元","江苏","苏州","unknown"
"393346C555821BF8F19BECF399C6E99C","男","1974","大专","企业/公司管理者","5001～8000元","山东","潍坊","城市"
"B2E47943E294D9C6FEBBA1047DDC45AC","男","1975","大学本科","党政机关事业单位一般职员","2001～3000元","吉林","长春","城市"
"2604AAA1E9F84D18A3BEEFD54CC5DEA5","女","1982","高中/中专/技校","农村外出务工人员","1501～2000元","江西","新余","unknown"
"26F765A27EAE0CC1267EC9983027ED2F","女","1985","高中/中专/技校","农村外出务工人员","1001～1500元","江西","萍乡","unknown"
"84AB3DEF8BD4E3FCF453DD596C584A5A","女","1982","初中","企业/公司一般职员","1501～2000元","江苏","淮安","unknown"
"DE419FDF3BBCBD39874341744C413447","女","1985","高中/中专/技校","企业/公司一般职员","1501～2000元","海南","琼海","unknown"
"496318368D2BBCF15E6FA22B0EA8ED73","女","1984","初中","农村外出务工人员","1001～1500元","黑龙江","齐齐哈尔","unknown"
"680EACFBD1472763963413F114021F15","女","1988","大专","党政机关事业单位一般职员","3001～5000元","上海","浦东","城市"
"F5ABCFFC9C49974D24E08DF0AF495FE8","女","1992","初中","其他","501～1000元","广东","潮州","乡村"
"07BBF3D62377B1FF602C823E8DA9FC4D","男","1982","大学本科","企业/公司管理者","5001～8000元","广东","中山","unknown"
"308867495F70108B07C1521013C0482E","女","1989","高中/中专/技校","专业技术人员","2001～3000元","湖北","武汉","unknown"
"436852B10446D4597E17EDA9B258805C","男","1990","初中","农村外出务工人员","1001～1500元","江西","上饶","城市"
"44E091AE785DE3C38F8045BC6793CAEC","男","1982","大专","专业技术人员","5001～8000元","广东","江门","城市"
"02BF8ABFA665EA584964322AEC740E20","男","1983","大学本科","企业/公司一般职员","8001～12000元","浙江","杭州","城市"
"8EA3DC6A8B1853DCC12DE9EBFBA799EF","女","1981","高中/中专/技校","专业技术人员","1501～2000元","湖北","咸宁","unknown"
"2BC8818EDC697F46CDC3E7C753E1C337","男","1988","大学本科","专业技术人员","2001～3000元","江苏","南京","城市"
"F30E8E341B691D51F0F2BB0C1B7ECABD","男","1983","大专","企业/公司一般职员","3001～5000元","河南","焦作","城市"
"DB1819F4B716E8D98361E737B134C124","男","1980","高中/中专/技校","专业技术人员","2001～3000元","广东","汕头","城市"
"8F39447C795CF2F4A47940D01B839252","男","1989","大专","企业/公司一般职员","1501～2000元","重庆","开县","城市"
"085DCFD65206B0BB8CF78072664FA04F","女","1987","大学本科","无业、下岗、失业","无收入","浙江","金华","unknown"
"78801B3B7069693E6A6C314528F4B87F","男","1987","高中/中专/技校","专业技术人员","1001～1500元","江苏","苏州","unknown"
"D7C0DA183A116BB4792FD33DF1DBB5A3","男","1985","大专","企业/公司一般职员","1501～2000元","青海","海东","unknown"
"BCF4392D495DAFA28F63C3E8ED1C7D54","男","1990","高中/中专/技校","企业/公司一般职员","2001～3000元","江苏","南京","乡村"
"3E95F67305AFCDF89C40BE45EC3DF777","女","1983","高中/中专/技校","个体户/自由职业者","3001～5000元","黑龙江","牡丹江","unknown"
"19E75D18FD7C26D5839FE33C6E489734","男","1989","大学本科","企业/公司一般职员","3001～5000元","辽宁","沈阳","unknown"
"E3ACD20006EA20150601B784CB4EC53E","男","1972","大学本科","产业、服务业工人","5001～8000元","上海","闸北","unknown"
"D619BB59818146DB01BB2BC84FFB6EB4","女","1991","大学本科","党政机关事业单位一般职员","1501～2000元","新疆","乌鲁木齐","unknown"
"772E059A1285D596D4B2687B98FB912B","男","1988","大专","其他","501～1000元","山东","东营","城市"
"A86124730D38F7AC529494944F299F90","男","1981","大学本科","企业/公司管理者","8001～12000元","北京","朝阳","城市"
"62489CC9CF4FFFFB914A341FBB1461A3","女","1966","硕士及以上","专业技术人员","2001～3000元","北京","海淀","城市"
"94575EAFE1C8F8261FAE4DCC05C1BA2B","女","1990","硕士及以上","企业/公司管理者","8001～12000元","上海","卢湾","城市"
"4AC33BB41936353C3C1FE3DB3851E8E2","男","1990","大专","企业/公司一般职员","3001～5000元","江苏","盐城","城市"
"1F5B5468C30731857C88E9FCD2E9541A","男","1986","高中/中专/技校","企业/公司一般职员","3001～5000元","上海","闸北","unknown"
"9F25F2DA72AFA0E47645549FCF0CDF0C","男","1964","高中/中专/技校","专业技术人员","1001～1500元","辽宁","沈阳","unknown"
"A1A13F67AA0ECF1712647D82771004F0","女","1984","大学本科","企业/公司一般职员","5001～8000元","重庆","巴南","城市"
"A4B71475FEAADCC4CDB1EBB87EB2899C","男","1987","硕士及以上","企业/公司一般职员","8001～12000元","浙江","杭州","城市"
"5339BF873B8CC64CC31CC5AB2A41433C","女","1981","大学本科","企业/公司管理者","5001～8000元","江苏","南京","城市"
"AE2938EF7086C4FB8C0AA4666DF9590C","女","1983","大学本科","企业/公司管理者","8001～12000元","上海","虹口","城市"
"79B4199EC62D828C3B19A3572E7ADF32","男","1985","大学本科","党政机关事业单位一般职员","501～1000元","黑龙江","齐齐哈尔","城市"
"6646756EB289D45A971E0DE3C45F7AA5","男","1990","大学本科","学生","无收入","广东","广州","unknown"
"E1EF344860E391E58B99C9716B00A866","女","1982","大学本科","其他","2001～3000元","陕西","西安","城市"
"A4357EAA3BB0D015DD0CFFB7C7BEF02E","女","1982","大学本科","党政机关事业单位一般职员","3001～5000元","河北","沧州","乡村"
"43FBA8257B08452855E06B4DCF9F8BB4","男","1984","大学本科","个体户/自由职业者","3001～5000元","河北","邯郸","unknown"
"2C31FB57C2ABF081414D61B63A00752C","女","1976","大学本科","党政机关事业单位一般职员","2001～3000元","江西","南昌","城市"
"1477DAB91E40015799E73777F6390E57","女","1977","大专","无业、下岗、失业","1501～2000元","上海","闸北","城市"
"8B93F3E7B42C95308EF2D23702A21BFF","女","1984","高中/中专/技校","企业/公司一般职员","1501～2000元","广东","汕尾","unknown"
"8256B4F78962CC6A8CC024647F8B7AC4","女","1990","大学本科","学生","501～1000元","浙江","杭州","乡村"
"5C75E82B1FEDD943C1EBBA8880EF6EEA","男","1979","大专","党政机关事业单位一般职员","1501～2000元","黑龙江","伊春","城市"
"A4855F75AC5D61AC03D0F9FB79E4FF87","男","1983","大专","企业/公司一般职员","3001～5000元","上海","徐汇","城市"
"AC97437364B6701A12E48E3D4559D251","男","1964","大专","企业/公司管理者","5001～8000元","北京","朝阳","城市"
"2A88B5B207E0CDE2F54E2561E32ECC97","男","1996","初中","学生","3001～5000元","河北","衡水","unknown"
"8980B34CDC98BB82B01E8B97E2977C18","男","1979","初中","无业、下岗、失业","8001～12000元","天津","河东","城市"
"74CC4B0C94B2B9199CB61BA8ACEA700F","男","1988","硕士及以上","学生","1501～2000元","北京","海淀","unknown"
"683E710D728E8F74BBAF724B6084D7B6","男","1984","大学本科","个体户/自由职业者","2001～3000元","江苏","徐州","乡村"
"800473968CCFFDC4F48873F44B85276C","女","1984","初中","农村外出务工人员","2001～3000元","湖南","衡阳","unknown"
"5CB06129122DE474963AD502D9480D8D","男","1994","高中/中专/技校","学生","无收入","广西","南宁","unknown"
"17FBDCCF54350E15314C0E4B2FFA1171","女","1986","初中","企业/公司一般职员","1001～1500元","河南","焦作","unknown"
"D07B83A70D415BCD1CCC810596E031BB","女","1986","高中/中专/技校","农村外出务工人员","1501～2000元","河南","安阳","unknown"
"348ED58577CD84437E5E77557E6EE83C","男","1985","大学本科","企业/公司一般职员","3001～5000元","天津","河西","城市"
"CE7B1B282A6E021083687DE541338701","男","1988","大专","企业/公司一般职员","1501～2000元","山东","济宁","城市"
"B882C1A404FC8F9A910F549A2CE9C6D9","男","1993","高中/中专/技校","学生","无收入","河南","郑州","乡村"
"8065091F5093B30DB3F97FAB5B4651D1","男","1973","大学本科","专业技术人员","5001～8000元","江苏","南京","unknown"
"E599FD370374BFD281B75CFE6CE6459E","男","1991","大学本科","学生","无收入","江苏","盐城","乡村"
"9BE55529A4EEF90CD11AB0E6C8F971C3","男","1988","大专","产业、服务业工人","1001～1500元","江西","上饶","乡村"
"B7D9A06497B61B2A8F714ED358262D28","男","1983","大学本科","专业技术人员","1501～2000元","河南","驻马店","城市"
"C215C77F00DA63AC1D4C31DA1144FA33","男","1978","初中","产业、服务业工人","1501～2000元","广西","钦州","unknown"
"EEDADBA2C66F4539239A2EB158EE1387","女","1983","大学本科","其他","1501～2000元","福建","南平","城市"
"887F5899608B3B21D73903F80EF1C7A7","男","1983","大学本科","企业/公司一般职员","5001～8000元","上海","虹口","城市"
"65655365A29472FC5A64E6967F2A7B59","男","1976","高中/中专/技校","个体户/自由职业者","3001～5000元","浙江","金华","城市"
"46D34FF188D617C1D3E6873F5D0F5FC0","男","1986","大学本科","企业/公司一般职员","3001～5000元","江苏","连云港","乡村"
"A6B6024012B71C04A1602D16A4F087F9","男","1990","大学本科","其他","1501～2000元","广东","梅州","城市"
"6FF5272E35CF319B8165D0A01237EF4A","女","1991","硕士及以上","学生","无收入","河北","邢台","城郊"
"F47BE47D7876EE4098FAFAB3F383F7BE","男","1993","大学本科","学生","无收入","黑龙江","哈尔滨","城市"
"475D113482184647E836C78D59AF0718","男","1982","高中/中专/技校","农村外出务工人员","2001～3000元","江苏","苏州","乡村"
"F79A5236B90EB4B81759519104858FB6","男","1980","高中/中专/技校","专业技术人员","3001～5000元","广东","广州","城市"
"57FE01496B90363BE2AD75FB920B7294","男","1989","大专","企业/公司一般职员","2001～3000元","四川","成都","乡村"
"6606F06CD0104B43499B581F5C727172","男","1982","大专","其他","1501～2000元","广东","梅州","城郊"
"503DC8A7A7F3BADF721B46A38A06A118","男","1975","大专","专业技术人员","3001～5000元","北京","朝阳","unknown"
"90B04E7A01C4EB16FF1687045FF2FF9E","女","1978","大专","其他","2001～3000元","上海","浦东","城市"
"E6584901C2484C1F5B4DC537E83DE4E6","男","1980","大专","企业/公司一般职员","2001～3000元","江苏","无锡","城市"
"60E5BB75E3222CFF8C7AAC099E47FEC0","女","1982","大专","个体户/自由职业者","2001～3000元","浙江","宁波","城市"
"D0E8D9BBD93AB6F4912232ABC9ABA340","女","1973","大专","产业、服务业工人","1501～2000元","河南","郑州","unknown"
"C0B1785B3131D6573103385A47D32057","男","1997","初中","学生","2001～3000元","江苏","盐城","unknown"
"E76E5AF7B8B8A7F978999F89627170D3","女","1978","初中","农民","2001～3000元","黑龙江","牡丹江","unknown"
"404561D86F173DD035931A5CF0E1CD01","男","1992","初中","产业、服务业工人","2001～3000元","湖北","武汉","unknown"
"D5253FC4533868196C919EA2DDD6D1E7","男","1983","大学本科","企业/公司管理者","12000元以上","安徽","滁州","城市"
"1D4F658370C9B123DC537C939DA6E12B","男","1986","大学本科","企业/公司一般职员","3001～5000元","江苏","盐城","乡村"
"25C06C8595B0C5ABD6BED69C500402A4","男","1980","高中/中专/技校","专业技术人员","3001～5000元","重庆","九龙坡","unknown"
"2F19F749C249F3BFA12BA93E68BEA699","男","1967","大学本科","个体户/自由职业者","3001～5000元","辽宁","沈阳","unknown"
"1B27B305F83B5C8FE1CD288039446FAF","女","1967","硕士及以上","企业/公司管理者","12000元以上","山东","济宁","unknown"
"E8F69E0ACD5854574526D93056207547","女","1990","大专","企业/公司一般职员","1501～2000元","安徽","滁州","城郊"
